customer_id,age,gender,city,tenure_months,plan_type,monthly_charges,contract_type,payment_method,monthly_usage,login_frequency,support_tickets,avg_session_duration,churn
CUST_0001,56,Male,New York,58,Standard,83.59,Two Year,Mailed Check,232.9,27,0,21.7,0
CUST_0002,69,Male,Los Angeles,55,Premium,79.93,Month-to-Month,Mailed Check,397.3,12,2,11.0,0
CUST_0003,46,Male,Miami,4,Standard,37.94,One Year,Bank Transfer,267.7,15,1,31.0,1
CUST_0004,32,Female,Miami,24,Basic,90.51,Month-to-Month,Electronic Check,453.9,18,0,42.2,0
CUST_0005,60,Male,Chicago,34,Premium,65.52,Month-to-Month,Electronic Check,458.5,28,1,53.1,0
CUST_0006,25,Male,Los Angeles,30,Premium,86.78,Month-to-Month,Mailed Check,89.3,23,2,46.2,0
CUST_0007,38,Male,Chicago,19,Basic,103.74,Two Year,Mailed Check,471.4,14,2,56.6,0
CUST_0008,56,Female,Los Angeles,31,Premium,36.97,Two Year,Credit Card,421.5,1,1,8.0,0
CUST_0009,36,Female,Chicago,60,Standard,21.91,Two Year,Mailed Check,406.1,13,0,5.7,0
CUST_0010,40,Male,Miami,60,Standard,97.91,Two Year,Credit Card,140.4,15,0,41.4,0
CUST_0011,28,Male,Miami,19,Basic,80.97,Month-to-Month,Mailed Check,412.3,7,1,20.9,0
CUST_0012,28,Male,New York,49,Standard,89.96,Month-to-Month,Bank Transfer,432.6,15,3,18.9,0
CUST_0013,41,Male,Chicago,63,Basic,103.82,One Year,Bank Transfer,180.1,20,1,23.2,0
CUST_0014,53,Female,Houston,22,Basic,100.28,Month-to-Month,Credit Card,478.5,10,0,19.8,1
CUST_0015,57,Female,New York,24,Standard,116.09,Month-to-Month,Electronic Check,72.4,14,0,33.1,0
CUST_0016,41,Female,Chicago,30,Basic,73.59,Month-to-Month,Bank Transfer,117.5,6,2,29.2,1
CUST_0017,20,Female,Chicago,58,Standard,68.85,One Year,Credit Card,291.9,14,0,33.2,0
CUST_0018,39,Male,New York,31,Premium,60.19,One Year,Mailed Check,309.1,24,1,42.0,1
CUST_0019,19,Male,Miami,64,Premium,35.37,Month-to-Month,Mailed Check,340.3,25,4,26.3,0
CUST_0020,41,Male,Chicago,19,Basic,77.26,Month-to-Month,Credit Card,57.6,22,2,18.8,0
CUST_0021,61,Female,Miami,48,Standard,47.7,One Year,Electronic Check,482.2,12,0,14.1,1
CUST_0022,47,Male,New York,45,Standard,112.13,One Year,Credit Card,70.1,11,2,24.2,1
CUST_0023,55,Female,Miami,55,Premium,78.32,Month-to-Month,Credit Card,114.4,29,2,45.8,0
CUST_0024,19,Female,Los Angeles,55,Premium,79.28,One Year,Bank Transfer,56.3,25,4,46.6,0
CUST_0025,38,Male,Houston,18,Standard,55.49,Month-to-Month,Credit Card,305.1,20,1,41.7,0
CUST_0026,50,Male,Chicago,63,Basic,25.2,Month-to-Month,Credit Card,469.5,22,1,17.9,1
CUST_0027,29,Male,Houston,47,Premium,23.17,One Year,Mailed Check,349.7,24,0,37.3,0
CUST_0028,39,Female,Miami,57,Basic,62.33,One Year,Bank Transfer,420.2,25,1,36.4,0
CUST_0029,61,Male,Chicago,45,Basic,28.46,Month-to-Month,Mailed Check,56.0,19,0,31.6,0
CUST_0030,42,Female,Miami,33,Premium,80.68,One Year,Mailed Check,293.9,2,4,35.2,0
CUST_0031,66,Male,Los Angeles,17,Basic,108.1,One Year,Electronic Check,256.8,22,1,32.0,1
CUST_0032,44,Female,New York,70,Basic,108.29,One Year,Electronic Check,274.5,20,0,36.1,0
CUST_0033,59,Female,Chicago,4,Standard,85.9,One Year,Bank Transfer,82.5,1,2,44.4,0
CUST_0034,45,Male,Los Angeles,20,Basic,41.12,One Year,Bank Transfer,358.0,8,2,11.0,0
CUST_0035,33,Female,Los Angeles,47,Standard,106.3,Month-to-Month,Electronic Check,276.4,25,0,46.2,0
CUST_0036,32,Female,Chicago,15,Premium,108.61,Month-to-Month,Electronic Check,394.3,14,3,12.5,0
CUST_0037,64,Male,Miami,70,Premium,39.67,Month-to-Month,Electronic Check,268.4,9,1,8.7,0
CUST_0038,68,Female,Los Angeles,47,Standard,93.74,Month-to-Month,Electronic Check,117.2,2,0,58.7,1
CUST_0039,61,Male,Houston,9,Premium,48.65,One Year,Electronic Check,341.7,25,2,57.6,0
CUST_0040,69,Female,Los Angeles,16,Basic,100.26,One Year,Mailed Check,127.6,23,0,8.3,0
CUST_0041,20,Male,Miami,69,Basic,119.72,Month-to-Month,Bank Transfer,442.6,5,2,29.4,1
CUST_0042,54,Male,Miami,61,Basic,23.0,Month-to-Month,Mailed Check,325.9,23,1,15.2,0
CUST_0043,68,Female,Houston,10,Premium,109.74,Month-to-Month,Mailed Check,120.7,29,1,31.7,1
CUST_0044,24,Female,Los Angeles,50,Basic,82.26,Month-to-Month,Credit Card,483.1,25,0,50.7,1
CUST_0045,38,Female,Miami,3,Premium,117.34,One Year,Mailed Check,283.3,8,1,57.3,0
CUST_0046,26,Female,Chicago,70,Basic,66.5,Month-to-Month,Electronic Check,82.8,16,2,39.9,0
CUST_0047,56,Female,New York,51,Standard,104.74,One Year,Electronic Check,332.1,22,1,24.5,0
CUST_0048,35,Male,New York,19,Premium,26.24,Two Year,Credit Card,163.9,16,4,38.2,0
CUST_0049,21,Female,New York,42,Premium,53.53,Month-to-Month,Credit Card,411.7,13,0,22.2,1
CUST_0050,42,Male,Los Angeles,35,Basic,26.7,Month-to-Month,Credit Card,418.0,20,3,55.0,0
CUST_0051,31,Male,Houston,46,Premium,117.53,Month-to-Month,Credit Card,490.5,29,3,52.9,0
CUST_0052,67,Female,Miami,26,Premium,101.7,One Year,Credit Card,275.8,15,1,35.7,0
CUST_0053,26,Male,Chicago,69,Standard,105.25,One Year,Mailed Check,254.7,1,2,22.9,0
CUST_0054,43,Male,Chicago,64,Standard,113.8,Month-to-Month,Credit Card,389.1,22,1,21.1,0
CUST_0055,19,Male,Los Angeles,37,Basic,28.51,One Year,Mailed Check,109.6,3,0,6.8,1
CUST_0056,37,Male,New York,49,Standard,58.56,Two Year,Bank Transfer,296.1,6,0,49.9,0
CUST_0057,45,Female,Los Angeles,21,Basic,27.1,Month-to-Month,Credit Card,295.8,22,1,29.8,0
CUST_0058,64,Male,Houston,64,Basic,41.08,Month-to-Month,Credit Card,90.3,14,1,22.9,0
CUST_0059,24,Female,Houston,5,Basic,42.94,Two Year,Mailed Check,238.1,4,0,30.9,1
CUST_0060,61,Female,Miami,70,Premium,66.91,One Year,Bank Transfer,434.0,18,2,50.0,0
CUST_0061,25,Male,Miami,4,Standard,46.86,Two Year,Mailed Check,435.3,15,1,11.9,1
CUST_0062,64,Female,Houston,39,Basic,30.1,One Year,Mailed Check,94.7,9,0,52.2,0
CUST_0063,52,Female,Houston,35,Standard,36.75,Two Year,Credit Card,90.8,18,0,54.4,1
CUST_0064,31,Female,Houston,1,Basic,34.73,Month-to-Month,Electronic Check,168.2,3,0,57.1,0
CUST_0065,34,Male,Los Angeles,24,Standard,117.31,One Year,Electronic Check,443.6,10,4,26.9,0
CUST_0066,53,Female,Houston,57,Standard,95.93,Two Year,Mailed Check,108.0,17,2,16.9,0
CUST_0067,67,Female,Chicago,70,Basic,116.78,One Year,Credit Card,374.0,7,3,25.6,0
CUST_0068,57,Female,New York,41,Premium,63.97,Month-to-Month,Bank Transfer,95.5,15,1,23.3,0
CUST_0069,21,Male,Houston,54,Standard,47.84,Month-to-Month,Electronic Check,330.4,1,2,14.7,0
CUST_0070,19,Female,New York,46,Premium,99.83,Month-to-Month,Bank Transfer,210.2,27,3,38.4,0
CUST_0071,23,Male,Los Angeles,60,Premium,52.63,Month-to-Month,Electronic Check,405.0,25,3,31.2,0
CUST_0072,59,Male,New York,60,Basic,49.94,Month-to-Month,Credit Card,155.2,27,0,52.6,1
CUST_0073,21,Male,Los Angeles,57,Basic,43.25,One Year,Mailed Check,337.6,11,0,6.8,0
CUST_0074,46,Male,Chicago,31,Basic,32.97,One Year,Bank Transfer,156.1,17,3,40.4,1
CUST_0075,35,Male,Los Angeles,24,Standard,45.65,Month-to-Month,Bank Transfer,371.1,5,0,47.0,0
CUST_0076,43,Male,Los Angeles,36,Basic,55.53,One Year,Mailed Check,443.2,7,2,46.8,0
CUST_0077,61,Female,Miami,30,Basic,87.4,Month-to-Month,Bank Transfer,107.1,19,2,53.7,0
CUST_0078,51,Male,Houston,24,Standard,26.26,Month-to-Month,Electronic Check,440.0,25,2,45.1,0
CUST_0079,27,Female,Houston,30,Standard,41.05,Month-to-Month,Mailed Check,317.1,24,3,56.0,1
CUST_0080,53,Female,Chicago,7,Basic,100.9,One Year,Electronic Check,107.2,29,1,23.3,0
CUST_0081,31,Male,Chicago,35,Basic,34.69,Month-to-Month,Electronic Check,242.4,15,3,32.7,1
CUST_0082,48,Female,Houston,55,Basic,54.26,Month-to-Month,Credit Card,122.4,3,0,5.8,1
CUST_0083,65,Female,Miami,14,Basic,106.47,Month-to-Month,Electronic Check,365.2,15,0,5.4,0
CUST_0084,32,Female,Houston,10,Premium,35.49,Two Year,Credit Card,391.5,5,3,18.2,1
CUST_0085,25,Female,Miami,16,Premium,28.27,Month-to-Month,Bank Transfer,97.6,23,0,10.5,0
CUST_0086,31,Male,Chicago,54,Basic,68.45,One Year,Bank Transfer,277.8,12,1,19.3,1
CUST_0087,40,Female,New York,70,Premium,50.24,One Year,Credit Card,416.6,20,1,14.7,0
CUST_0088,57,Male,Chicago,44,Standard,76.34,One Year,Electronic Check,471.3,5,1,6.6,0
CUST_0089,38,Female,Chicago,45,Premium,100.38,Two Year,Mailed Check,281.1,3,3,55.0,1
CUST_0090,33,Female,Los Angeles,56,Premium,33.71,Month-to-Month,Mailed Check,477.6,9,1,5.5,0
CUST_0091,62,Male,Los Angeles,57,Basic,78.07,Month-to-Month,Credit Card,291.1,26,2,45.5,0
CUST_0092,35,Female,Los Angeles,21,Premium,70.55,Two Year,Bank Transfer,227.4,9,0,13.4,0
CUST_0093,64,Female,Los Angeles,68,Premium,34.41,Month-to-Month,Bank Transfer,431.7,7,2,55.2,0
CUST_0094,41,Female,Miami,50,Premium,82.4,One Year,Mailed Check,271.8,26,1,54.1,0
CUST_0095,43,Male,Houston,33,Premium,47.36,One Year,Credit Card,262.4,2,0,41.0,1
CUST_0096,42,Female,New York,7,Standard,68.78,One Year,Mailed Check,270.6,23,1,42.0,0
CUST_0097,62,Male,Chicago,70,Basic,28.23,Two Year,Electronic Check,431.1,23,2,5.3,0
CUST_0098,58,Female,Miami,15,Basic,65.96,Two Year,Electronic Check,424.4,27,1,59.2,0
CUST_0099,46,Male,New York,32,Standard,50.65,One Year,Credit Card,231.6,21,1,53.3,0
CUST_0100,32,Male,Miami,20,Premium,102.24,Month-to-Month,Credit Card,200.0,16,1,54.2,0
CUST_0101,62,Female,Miami,15,Standard,25.7,Two Year,Electronic Check,271.4,9,2,41.3,1
CUST_0102,18,Female,Chicago,48,Premium,61.86,Month-to-Month,Bank Transfer,307.7,13,2,24.0,1
CUST_0103,42,Male,Houston,71,Standard,65.84,Month-to-Month,Credit Card,157.3,28,0,54.2,0
CUST_0104,24,Male,Los Angeles,21,Basic,92.5,Two Year,Electronic Check,407.3,27,1,21.0,0
CUST_0105,26,Female,Houston,42,Basic,77.43,Month-to-Month,Electronic Check,268.9,19,1,35.9,1
CUST_0106,41,Male,Chicago,26,Basic,86.72,Month-to-Month,Bank Transfer,200.3,20,1,10.5,1
CUST_0107,18,Female,Chicago,14,Premium,97.7,Month-to-Month,Bank Transfer,98.1,17,2,55.7,0
CUST_0108,61,Female,Chicago,57,Premium,106.22,Two Year,Bank Transfer,157.5,6,1,12.7,0
CUST_0109,25,Female,New York,37,Standard,51.39,One Year,Bank Transfer,477.2,4,2,17.4,1
CUST_0110,41,Female,Houston,58,Standard,73.8,One Year,Mailed Check,187.3,1,1,35.7,0
CUST_0111,28,Male,Houston,21,Basic,104.01,Month-to-Month,Bank Transfer,126.0,18,1,47.0,0
CUST_0112,68,Female,Miami,69,Premium,118.95,One Year,Mailed Check,257.3,19,3,39.1,0
CUST_0113,34,Male,Miami,3,Standard,108.95,One Year,Credit Card,188.2,9,1,17.8,0
CUST_0114,25,Female,Miami,37,Premium,57.15,Month-to-Month,Electronic Check,65.8,13,0,5.1,0
CUST_0115,52,Male,Chicago,49,Premium,39.52,Month-to-Month,Mailed Check,195.4,8,3,46.6,0
CUST_0116,52,Female,Houston,19,Basic,68.94,Month-to-Month,Credit Card,294.8,23,1,59.2,0
CUST_0117,50,Male,Chicago,12,Basic,94.16,Two Year,Credit Card,298.3,13,1,49.5,0
CUST_0118,22,Male,New York,61,Premium,69.26,One Year,Mailed Check,210.5,15,2,30.3,0
CUST_0119,59,Female,Miami,41,Premium,68.32,Two Year,Credit Card,251.3,11,1,54.7,0
CUST_0120,56,Female,Chicago,33,Premium,103.82,Month-to-Month,Credit Card,484.5,12,2,27.5,1
CUST_0121,58,Female,Chicago,50,Premium,56.14,One Year,Mailed Check,219.8,14,2,33.9,1
CUST_0122,45,Female,New York,68,Basic,105.98,One Year,Credit Card,166.2,4,0,31.2,0
CUST_0123,24,Male,Los Angeles,71,Standard,60.68,One Year,Bank Transfer,159.6,1,1,29.6,0
CUST_0124,26,Female,Houston,33,Basic,52.82,Two Year,Bank Transfer,256.0,24,1,47.6,1
CUST_0125,25,Male,Los Angeles,24,Standard,65.4,Month-to-Month,Electronic Check,391.8,4,0,34.0,0
CUST_0126,29,Male,Miami,61,Premium,96.24,Month-to-Month,Credit Card,142.7,19,0,22.4,0
CUST_0127,51,Female,Chicago,61,Standard,32.6,One Year,Electronic Check,369.2,9,2,19.2,1
CUST_0128,50,Male,New York,28,Basic,39.64,One Year,Bank Transfer,59.5,10,0,7.1,0
CUST_0129,65,Male,New York,58,Basic,115.14,One Year,Bank Transfer,238.5,4,2,37.1,1
CUST_0130,40,Male,Houston,43,Premium,37.55,Month-to-Month,Bank Transfer,399.1,20,0,17.6,1
CUST_0131,41,Male,Los Angeles,41,Basic,76.77,One Year,Credit Card,202.4,9,0,13.1,0
CUST_0132,54,Female,Houston,39,Premium,77.93,Month-to-Month,Credit Card,303.7,13,0,41.0,0
CUST_0133,52,Female,Chicago,49,Basic,68.96,Month-to-Month,Bank Transfer,142.2,12,0,42.5,0
CUST_0134,61,Female,Houston,17,Basic,84.47,One Year,Electronic Check,383.9,11,1,46.4,0
CUST_0135,57,Female,New York,70,Premium,42.98,One Year,Electronic Check,73.5,12,1,32.7,0
CUST_0136,39,Male,New York,70,Standard,75.27,Month-to-Month,Mailed Check,433.6,18,3,54.2,0
CUST_0137,44,Male,Miami,65,Basic,57.22,Month-to-Month,Bank Transfer,139.2,12,1,56.5,0
CUST_0138,52,Female,Miami,5,Standard,86.17,Month-to-Month,Electronic Check,443.5,16,4,49.4,1
CUST_0139,18,Female,Chicago,2,Basic,34.12,Month-to-Month,Bank Transfer,208.6,5,1,40.0,0
CUST_0140,52,Female,Los Angeles,22,Basic,77.09,One Year,Electronic Check,375.2,20,0,21.7,0
CUST_0141,54,Male,Houston,57,Basic,38.53,Two Year,Mailed Check,193.7,25,1,59.1,0
CUST_0142,64,Female,Chicago,66,Basic,47.86,Month-to-Month,Mailed Check,457.7,12,1,20.1,0
CUST_0143,31,Female,Miami,16,Standard,41.87,One Year,Bank Transfer,107.0,21,2,16.1,0
CUST_0144,20,Female,Houston,51,Standard,38.28,Two Year,Electronic Check,130.3,25,2,29.3,0
CUST_0145,18,Male,Miami,39,Basic,102.57,Two Year,Credit Card,271.9,11,1,8.1,0
CUST_0146,22,Male,Houston,40,Basic,48.57,Month-to-Month,Mailed Check,86.9,9,3,58.8,1
CUST_0147,43,Male,Los Angeles,38,Standard,112.71,Two Year,Bank Transfer,138.2,18,1,37.4,1
CUST_0148,31,Male,Chicago,60,Premium,116.99,Month-to-Month,Bank Transfer,474.7,25,0,35.6,0
CUST_0149,56,Male,Houston,59,Premium,77.13,Month-to-Month,Electronic Check,489.4,3,1,41.1,0
CUST_0150,44,Male,New York,10,Standard,34.3,Month-to-Month,Bank Transfer,219.3,20,2,32.3,0
CUST_0151,26,Male,New York,64,Basic,57.45,Month-to-Month,Mailed Check,465.5,17,1,6.8,0
CUST_0152,32,Male,Houston,63,Basic,99.77,Month-to-Month,Bank Transfer,295.2,14,1,38.7,0
CUST_0153,32,Female,Houston,49,Premium,56.74,Month-to-Month,Bank Transfer,171.4,1,0,44.4,1
CUST_0154,43,Female,Houston,64,Premium,28.7,Month-to-Month,Credit Card,366.1,17,0,27.9,0
CUST_0155,59,Male,New York,32,Standard,75.68,Two Year,Credit Card,346.5,25,0,46.7,0
CUST_0156,30,Male,New York,7,Premium,104.51,Two Year,Mailed Check,495.1,27,0,17.5,0
CUST_0157,68,Female,Houston,21,Standard,99.59,Month-to-Month,Electronic Check,169.3,8,1,17.2,1
CUST_0158,49,Male,Miami,20,Premium,37.51,Two Year,Credit Card,352.4,5,1,13.9,1
CUST_0159,56,Male,Miami,26,Premium,87.28,Two Year,Electronic Check,73.4,5,1,25.5,0
CUST_0160,66,Male,Los Angeles,68,Premium,42.05,One Year,Mailed Check,101.1,9,0,51.6,0
CUST_0161,69,Female,Chicago,15,Basic,41.82,Month-to-Month,Credit Card,51.8,3,1,50.5,0
CUST_0162,49,Female,Miami,14,Basic,107.41,One Year,Electronic Check,499.8,19,4,26.1,0
CUST_0163,21,Female,New York,27,Basic,44.97,Two Year,Credit Card,411.0,23,2,37.4,0
CUST_0164,47,Female,Miami,40,Premium,46.32,One Year,Mailed Check,404.0,9,0,44.6,1
CUST_0165,54,Female,Los Angeles,58,Standard,20.07,Month-to-Month,Mailed Check,279.4,22,2,18.3,1
CUST_0166,40,Male,Los Angeles,28,Standard,107.07,One Year,Credit Card,185.0,18,0,14.2,1
CUST_0167,56,Female,Chicago,26,Standard,99.26,One Year,Electronic Check,118.1,16,1,58.5,0
CUST_0168,62,Male,Miami,63,Standard,82.73,One Year,Bank Transfer,178.1,1,1,39.0,1
CUST_0169,32,Male,New York,66,Basic,95.03,Month-to-Month,Bank Transfer,219.2,2,1,59.0,1
CUST_0170,60,Female,New York,25,Basic,35.2,Month-to-Month,Credit Card,390.3,14,2,23.6,0
CUST_0171,46,Female,Houston,3,Premium,65.83,Two Year,Electronic Check,292.8,14,3,43.7,1
CUST_0172,53,Male,New York,44,Premium,55.12,Two Year,Bank Transfer,84.9,1,2,17.2,0
CUST_0173,30,Male,Chicago,42,Standard,29.38,Month-to-Month,Mailed Check,58.1,26,0,19.4,1
CUST_0174,49,Male,Chicago,6,Basic,68.61,Two Year,Electronic Check,96.0,26,1,33.2,0
CUST_0175,24,Female,New York,39,Standard,112.07,Month-to-Month,Bank Transfer,234.7,25,0,22.6,0
CUST_0176,68,Female,New York,52,Premium,24.01,One Year,Electronic Check,469.9,16,1,14.2,0
CUST_0177,39,Female,Houston,23,Premium,49.15,One Year,Credit Card,336.8,15,2,19.5,0
CUST_0178,45,Female,New York,50,Standard,40.75,Two Year,Electronic Check,410.8,26,2,7.0,0
CUST_0179,19,Female,Houston,43,Premium,43.81,Two Year,Bank Transfer,259.9,15,0,43.7,0
CUST_0180,59,Male,Houston,19,Standard,110.84,Month-to-Month,Credit Card,212.7,12,0,32.1,0
CUST_0181,62,Female,New York,69,Basic,66.81,Two Year,Electronic Check,98.8,16,1,10.2,0
CUST_0182,23,Male,Los Angeles,51,Standard,66.63,Month-to-Month,Mailed Check,444.2,14,0,14.4,1
CUST_0183,45,Male,Los Angeles,11,Basic,96.06,One Year,Bank Transfer,402.4,29,0,10.6,1
CUST_0184,45,Male,Houston,12,Basic,35.45,One Year,Credit Card,125.7,24,2,38.7,0
CUST_0185,61,Female,New York,8,Premium,68.73,One Year,Electronic Check,280.5,15,0,10.2,1
CUST_0186,61,Female,Los Angeles,24,Premium,63.0,Month-to-Month,Mailed Check,269.3,23,0,46.5,0
CUST_0187,37,Female,New York,41,Premium,79.69,Two Year,Bank Transfer,331.3,15,2,6.1,1
CUST_0188,47,Male,New York,36,Standard,119.96,Month-to-Month,Mailed Check,475.8,19,2,18.7,0
CUST_0189,28,Male,New York,55,Standard,96.94,Month-to-Month,Electronic Check,310.9,8,3,54.0,0
CUST_0190,45,Male,Miami,9,Premium,59.79,One Year,Electronic Check,293.1,2,1,44.5,0
CUST_0191,42,Male,New York,47,Standard,102.76,Month-to-Month,Credit Card,72.6,2,2,9.0,0
CUST_0192,56,Male,Miami,15,Premium,37.07,Two Year,Mailed Check,78.3,27,1,50.2,0
CUST_0193,50,Male,Houston,48,Standard,23.05,Month-to-Month,Credit Card,134.3,10,2,32.1,1
CUST_0194,18,Female,Los Angeles,42,Basic,40.44,Month-to-Month,Bank Transfer,64.6,3,1,51.6,0
CUST_0195,44,Female,Los Angeles,60,Basic,54.04,Two Year,Credit Card,384.5,23,3,38.0,0
CUST_0196,69,Female,Los Angeles,70,Premium,71.06,One Year,Bank Transfer,375.5,17,1,42.5,1
CUST_0197,30,Female,Los Angeles,12,Standard,81.51,Month-to-Month,Electronic Check,111.2,8,1,59.6,1
CUST_0198,58,Male,Los Angeles,2,Standard,111.06,One Year,Electronic Check,426.2,28,4,17.8,0
CUST_0199,20,Male,Los Angeles,7,Basic,70.99,One Year,Mailed Check,119.7,23,0,39.3,0
CUST_0200,56,Female,Los Angeles,3,Basic,70.13,One Year,Bank Transfer,185.5,4,2,30.3,0
CUST_0201,23,Male,Houston,3,Premium,25.02,Month-to-Month,Electronic Check,162.0,14,2,7.2,0
CUST_0202,25,Female,New York,27,Basic,23.49,Two Year,Mailed Check,217.5,21,1,5.8,0
CUST_0203,44,Female,Chicago,40,Premium,75.12,Two Year,Mailed Check,164.6,10,4,11.6,0
CUST_0204,26,Female,Miami,33,Basic,63.82,One Year,Credit Card,270.0,29,2,40.7,1
CUST_0205,54,Male,Chicago,1,Basic,103.92,Month-to-Month,Mailed Check,233.3,1,4,36.2,0
CUST_0206,50,Female,Chicago,8,Standard,36.07,Two Year,Electronic Check,494.0,4,0,35.4,1
CUST_0207,68,Female,New York,32,Basic,22.5,One Year,Credit Card,75.2,1,1,6.8,1
CUST_0208,59,Female,New York,48,Basic,64.9,One Year,Bank Transfer,114.0,17,3,30.8,1
CUST_0209,61,Male,New York,4,Premium,43.75,Month-to-Month,Bank Transfer,73.8,26,3,55.9,0
CUST_0210,41,Male,Los Angeles,70,Basic,24.96,Two Year,Electronic Check,331.6,17,1,26.9,1
CUST_0211,32,Female,Houston,19,Premium,92.46,One Year,Electronic Check,74.5,7,0,39.4,0
CUST_0212,49,Male,Los Angeles,32,Basic,31.16,Month-to-Month,Credit Card,426.4,23,1,47.9,0
CUST_0213,49,Male,Houston,9,Basic,80.83,Month-to-Month,Credit Card,280.4,20,2,48.1,0
CUST_0214,41,Male,Houston,12,Premium,48.1,Two Year,Electronic Check,287.2,15,2,33.6,0
CUST_0215,58,Male,Chicago,11,Standard,37.35,Month-to-Month,Electronic Check,302.7,13,2,52.2,1
CUST_0216,69,Male,Chicago,46,Premium,57.98,Two Year,Bank Transfer,126.9,28,1,26.5,1
CUST_0217,66,Male,Houston,16,Premium,100.14,One Year,Bank Transfer,139.0,2,1,53.9,0
CUST_0218,66,Male,Houston,1,Premium,59.21,One Year,Bank Transfer,193.5,28,3,18.2,0
CUST_0219,69,Male,Los Angeles,63,Standard,95.08,Month-to-Month,Electronic Check,317.1,19,3,20.4,0
CUST_0220,29,Male,Los Angeles,21,Basic,32.55,Month-to-Month,Mailed Check,144.6,24,2,7.9,0
CUST_0221,56,Male,Chicago,30,Premium,97.28,Two Year,Electronic Check,102.3,13,3,48.8,1
CUST_0222,19,Female,New York,13,Premium,43.69,Month-to-Month,Electronic Check,486.6,24,2,27.9,0
CUST_0223,20,Female,Houston,34,Standard,87.74,One Year,Bank Transfer,59.9,11,2,17.6,1
CUST_0224,66,Male,Los Angeles,4,Premium,76.58,Month-to-Month,Electronic Check,411.2,27,1,17.7,0
CUST_0225,54,Female,Chicago,28,Basic,112.91,Month-to-Month,Credit Card,404.6,22,0,54.6,0
CUST_0226,66,Female,Los Angeles,59,Standard,58.73,Month-to-Month,Electronic Check,183.7,15,1,50.9,0
CUST_0227,34,Male,Houston,27,Basic,26.62,One Year,Electronic Check,111.0,10,2,35.4,0
CUST_0228,66,Male,Houston,69,Basic,21.92,Two Year,Electronic Check,115.5,9,3,38.9,0
CUST_0229,19,Male,Miami,25,Standard,102.69,Month-to-Month,Electronic Check,363.8,27,2,31.1,1
CUST_0230,19,Female,New York,3,Premium,72.47,Month-to-Month,Mailed Check,339.3,28,1,26.5,1
CUST_0231,45,Female,Miami,68,Basic,97.52,Month-to-Month,Electronic Check,402.2,9,1,55.4,0
CUST_0232,40,Male,Chicago,25,Basic,43.44,One Year,Credit Card,471.9,20,0,11.9,0
CUST_0233,54,Male,Los Angeles,20,Basic,54.51,Month-to-Month,Credit Card,361.4,28,0,28.0,0
CUST_0234,49,Male,Chicago,34,Basic,23.01,Two Year,Electronic Check,120.1,1,3,24.0,0
CUST_0235,50,Female,Houston,26,Standard,116.15,One Year,Bank Transfer,159.5,17,1,32.4,0
CUST_0236,18,Female,Miami,5,Standard,86.79,One Year,Mailed Check,429.0,12,2,30.2,0
CUST_0237,36,Female,Miami,61,Basic,113.32,Month-to-Month,Electronic Check,144.2,10,2,33.5,1
CUST_0238,19,Female,Miami,9,Premium,46.55,Two Year,Electronic Check,82.6,5,1,12.7,0
CUST_0239,61,Male,Chicago,50,Basic,81.15,Month-to-Month,Electronic Check,366.5,29,1,33.2,1
CUST_0240,43,Male,Houston,6,Premium,87.85,Month-to-Month,Bank Transfer,231.1,18,2,18.3,0
CUST_0241,49,Male,Los Angeles,60,Basic,51.75,One Year,Bank Transfer,464.0,15,2,15.1,1
CUST_0242,23,Male,Los Angeles,44,Premium,104.81,One Year,Bank Transfer,342.6,6,1,8.6,0
CUST_0243,49,Female,Chicago,11,Basic,114.72,Month-to-Month,Mailed Check,90.7,7,2,46.9,0
CUST_0244,21,Female,Miami,66,Premium,108.49,Month-to-Month,Credit Card,476.5,17,1,28.5,1
CUST_0245,28,Male,New York,47,Basic,93.91,One Year,Mailed Check,166.4,6,0,39.5,0
CUST_0246,34,Male,Chicago,3,Basic,47.75,Month-to-Month,Bank Transfer,201.7,8,0,45.0,0
CUST_0247,55,Female,Chicago,30,Premium,48.16,Two Year,Credit Card,231.0,12,0,42.4,0
CUST_0248,41,Male,Houston,21,Standard,116.34,One Year,Credit Card,73.1,21,4,30.9,1
CUST_0249,22,Female,Los Angeles,28,Premium,21.03,Month-to-Month,Bank Transfer,273.4,14,3,26.3,1
CUST_0250,69,Male,Chicago,62,Standard,91.6,Month-to-Month,Bank Transfer,105.5,12,3,25.7,0
CUST_0251,51,Male,Chicago,33,Basic,90.62,Month-to-Month,Mailed Check,230.4,23,0,40.2,0
CUST_0252,23,Male,Miami,35,Premium,82.27,One Year,Bank Transfer,207.8,10,2,32.2,1
CUST_0253,39,Male,Miami,52,Premium,119.01,One Year,Credit Card,397.8,22,2,51.7,0
CUST_0254,28,Male,New York,34,Premium,51.19,Month-to-Month,Electronic Check,411.4,20,2,53.1,0
CUST_0255,65,Male,Houston,41,Standard,54.0,One Year,Bank Transfer,119.0,15,3,14.4,0
CUST_0256,33,Male,New York,51,Standard,27.89,Two Year,Bank Transfer,214.9,7,2,12.5,0
CUST_0257,50,Female,Miami,47,Basic,64.28,Month-to-Month,Mailed Check,218.0,26,1,39.7,0
CUST_0258,26,Female,Los Angeles,58,Standard,46.1,Two Year,Mailed Check,118.1,9,1,21.6,0
CUST_0259,23,Female,Miami,57,Standard,54.34,Month-to-Month,Bank Transfer,409.3,10,0,6.0,0
CUST_0260,33,Female,Houston,23,Basic,103.46,Month-to-Month,Credit Card,368.3,10,1,53.9,0
CUST_0261,46,Female,Miami,48,Premium,113.55,Month-to-Month,Credit Card,135.7,16,1,17.5,0
CUST_0262,20,Male,Houston,22,Premium,38.57,Month-to-Month,Electronic Check,215.0,29,1,56.1,0
CUST_0263,37,Male,Houston,17,Basic,57.25,Month-to-Month,Bank Transfer,97.6,7,0,44.5,1
CUST_0264,53,Female,Houston,69,Premium,112.86,Month-to-Month,Mailed Check,332.7,28,0,46.9,0
CUST_0265,36,Male,Houston,11,Standard,26.18,Two Year,Credit Card,104.6,5,2,16.1,0
CUST_0266,43,Female,Houston,15,Basic,29.24,Two Year,Electronic Check,493.7,23,3,17.9,1
CUST_0267,20,Female,Los Angeles,35,Basic,36.28,One Year,Bank Transfer,401.3,3,1,33.7,0
CUST_0268,36,Male,New York,33,Basic,79.52,Month-to-Month,Credit Card,225.6,18,2,14.5,0
CUST_0269,37,Male,Chicago,16,Premium,35.05,Month-to-Month,Bank Transfer,310.4,11,1,21.8,0
CUST_0270,49,Male,New York,34,Basic,116.81,Month-to-Month,Bank Transfer,460.1,15,2,22.7,1
CUST_0271,24,Female,Houston,66,Basic,64.67,One Year,Credit Card,299.3,21,1,13.8,1
CUST_0272,69,Male,Los Angeles,40,Basic,70.15,Two Year,Credit Card,128.5,20,2,16.3,1
CUST_0273,58,Female,Miami,28,Premium,44.67,Month-to-Month,Credit Card,220.4,5,1,48.4,1
CUST_0274,50,Female,Los Angeles,47,Standard,67.1,Month-to-Month,Bank Transfer,429.4,24,1,14.2,0
CUST_0275,57,Female,Houston,39,Basic,86.19,One Year,Bank Transfer,339.9,12,2,6.6,0
CUST_0276,56,Male,Los Angeles,70,Standard,95.12,Month-to-Month,Electronic Check,342.8,4,2,39.6,0
CUST_0277,35,Male,Los Angeles,20,Premium,95.39,Month-to-Month,Mailed Check,440.1,15,2,58.7,0
CUST_0278,57,Female,Houston,1,Premium,77.79,One Year,Bank Transfer,452.3,9,1,23.2,0
CUST_0279,18,Male,Los Angeles,63,Premium,110.44,One Year,Mailed Check,463.9,7,1,11.5,0
CUST_0280,28,Male,Chicago,67,Premium,101.74,Month-to-Month,Credit Card,92.7,10,0,36.4,0
CUST_0281,45,Male,Chicago,4,Standard,95.7,Month-to-Month,Bank Transfer,294.9,29,2,54.8,1
CUST_0282,42,Female,Los Angeles,58,Basic,25.56,Two Year,Electronic Check,383.2,28,3,48.1,0
CUST_0283,67,Female,Miami,25,Premium,20.69,Month-to-Month,Electronic Check,390.6,23,1,39.2,0
CUST_0284,40,Male,Houston,47,Premium,41.24,Month-to-Month,Mailed Check,323.0,13,1,22.3,0
CUST_0285,48,Female,Chicago,38,Standard,86.35,Month-to-Month,Credit Card,125.1,29,0,34.8,0
CUST_0286,47,Male,Miami,15,Standard,61.12,Month-to-Month,Mailed Check,408.8,8,0,10.0,0
CUST_0287,59,Male,Los Angeles,63,Premium,60.24,Month-to-Month,Credit Card,374.1,12,0,42.3,0
CUST_0288,52,Male,Miami,21,Basic,108.46,Two Year,Electronic Check,88.8,22,0,44.9,0
CUST_0289,24,Male,New York,57,Basic,109.56,Month-to-Month,Mailed Check,258.7,24,0,58.1,1
CUST_0290,33,Female,Chicago,53,Premium,110.92,Month-to-Month,Electronic Check,128.3,19,2,19.3,1
CUST_0291,43,Female,Los Angeles,46,Standard,51.39,One Year,Electronic Check,201.9,26,2,6.0,0
CUST_0292,65,Female,Houston,14,Premium,89.11,One Year,Credit Card,58.1,26,2,35.0,0
CUST_0293,69,Male,Los Angeles,17,Premium,47.16,Two Year,Mailed Check,230.1,1,1,43.9,0
CUST_0294,66,Male,Houston,39,Standard,39.06,Two Year,Mailed Check,297.4,16,1,48.5,1
CUST_0295,19,Male,Los Angeles,9,Premium,38.46,Month-to-Month,Electronic Check,328.8,22,1,15.7,0
CUST_0296,18,Female,Miami,6,Premium,54.21,One Year,Electronic Check,348.6,17,1,19.4,0
CUST_0297,65,Male,Miami,23,Premium,63.0,Month-to-Month,Credit Card,426.3,25,0,33.2,1
CUST_0298,29,Female,Miami,59,Standard,103.09,Two Year,Bank Transfer,147.0,18,2,23.2,0
CUST_0299,22,Female,New York,46,Basic,31.99,Month-to-Month,Bank Transfer,104.2,11,1,52.3,0
CUST_0300,54,Female,Houston,38,Basic,93.49,Two Year,Electronic Check,433.2,18,0,31.1,0
CUST_0301,49,Female,Miami,14,Standard,73.15,One Year,Bank Transfer,120.5,7,0,49.0,0
CUST_0302,26,Female,New York,62,Basic,48.79,Month-to-Month,Bank Transfer,488.6,18,1,36.9,0
CUST_0303,58,Female,Houston,35,Premium,69.28,One Year,Bank Transfer,429.1,26,0,47.5,0
CUST_0304,52,Male,Los Angeles,19,Basic,49.99,Two Year,Bank Transfer,275.4,8,1,23.3,1
CUST_0305,36,Male,New York,30,Premium,79.61,Two Year,Electronic Check,491.6,6,1,50.7,0
CUST_0306,65,Female,Chicago,25,Basic,63.38,Month-to-Month,Bank Transfer,93.8,7,2,20.1,0
CUST_0307,33,Female,New York,40,Standard,36.44,One Year,Bank Transfer,186.4,23,1,35.0,0
CUST_0308,20,Male,New York,14,Basic,31.66,Month-to-Month,Credit Card,337.2,22,1,16.8,1
CUST_0309,37,Female,Houston,26,Basic,74.67,Month-to-Month,Electronic Check,207.5,10,0,31.2,0
CUST_0310,41,Female,Los Angeles,22,Basic,110.24,Month-to-Month,Mailed Check,467.8,11,2,22.5,0
CUST_0311,50,Male,Chicago,48,Standard,54.4,Month-to-Month,Mailed Check,79.5,25,1,19.7,0
CUST_0312,41,Female,Miami,51,Basic,93.3,Two Year,Credit Card,297.2,13,2,58.2,1
CUST_0313,69,Female,Miami,3,Standard,85.87,Month-to-Month,Credit Card,315.9,9,2,13.8,0
CUST_0314,28,Female,New York,42,Premium,113.16,Two Year,Electronic Check,343.7,7,0,48.3,0
CUST_0315,66,Male,Houston,19,Basic,102.1,Month-to-Month,Mailed Check,165.0,9,3,59.1,0
CUST_0316,25,Male,Houston,28,Standard,76.66,Month-to-Month,Bank Transfer,214.1,13,0,6.1,1
CUST_0317,53,Male,Miami,45,Standard,85.7,Month-to-Month,Credit Card,429.7,26,2,43.4,0
CUST_0318,55,Female,Chicago,71,Basic,109.84,Month-to-Month,Mailed Check,137.7,3,1,18.9,0
CUST_0319,57,Female,Los Angeles,63,Premium,59.95,Month-to-Month,Electronic Check,422.1,3,1,7.2,1
CUST_0320,37,Male,Chicago,19,Standard,52.68,Month-to-Month,Bank Transfer,303.2,1,5,27.2,1
CUST_0321,52,Female,Los Angeles,47,Basic,21.08,One Year,Electronic Check,393.0,21,2,56.4,0
CUST_0322,65,Female,Miami,14,Premium,102.66,Month-to-Month,Credit Card,371.1,20,2,5.6,1
CUST_0323,42,Female,Los Angeles,38,Standard,100.1,Month-to-Month,Mailed Check,143.4,2,1,37.3,0
CUST_0324,52,Female,Houston,53,Standard,30.45,Month-to-Month,Mailed Check,306.0,25,0,32.6,0
CUST_0325,42,Female,New York,61,Premium,77.69,Two Year,Mailed Check,440.5,3,1,53.0,1
CUST_0326,46,Male,New York,36,Premium,66.4,Two Year,Mailed Check,244.5,15,1,9.6,0
CUST_0327,35,Female,Miami,40,Basic,31.87,Month-to-Month,Bank Transfer,485.0,24,2,42.5,0
CUST_0328,63,Male,Houston,30,Basic,118.06,Month-to-Month,Bank Transfer,253.5,6,2,42.4,0
CUST_0329,35,Female,Chicago,9,Standard,41.47,Month-to-Month,Electronic Check,114.3,13,0,41.8,0
CUST_0330,19,Male,Houston,64,Premium,26.72,Two Year,Bank Transfer,225.2,21,3,56.8,0
CUST_0331,52,Female,New York,33,Premium,79.48,Month-to-Month,Credit Card,478.3,1,1,50.3,0
CUST_0332,33,Male,New York,52,Premium,93.89,Month-to-Month,Credit Card,193.9,20,0,7.3,1
CUST_0333,58,Female,Houston,14,Standard,23.24,Month-to-Month,Mailed Check,440.6,19,3,30.9,0
CUST_0334,53,Male,Houston,53,Premium,85.87,Month-to-Month,Credit Card,446.6,1,2,26.9,0
CUST_0335,50,Female,New York,59,Premium,73.23,Month-to-Month,Electronic Check,207.6,28,0,22.1,1
CUST_0336,21,Male,Chicago,41,Standard,30.33,One Year,Bank Transfer,87.5,21,0,29.8,0
CUST_0337,50,Female,Miami,68,Basic,37.25,Month-to-Month,Bank Transfer,376.1,22,3,26.1,0
CUST_0338,31,Male,Miami,68,Basic,76.8,One Year,Bank Transfer,190.2,2,0,28.8,0
CUST_0339,38,Male,Houston,8,Standard,49.64,Month-to-Month,Credit Card,402.3,15,4,58.9,0
CUST_0340,65,Female,Miami,2,Premium,113.83,Month-to-Month,Bank Transfer,249.2,14,2,9.9,0
CUST_0341,37,Female,New York,41,Standard,101.87,Two Year,Mailed Check,268.4,19,1,55.7,0
CUST_0342,25,Male,New York,55,Basic,118.36,Month-to-Month,Mailed Check,400.1,11,0,31.4,0
CUST_0343,24,Female,Houston,16,Basic,45.97,Two Year,Mailed Check,222.1,15,0,39.3,0
CUST_0344,20,Male,Houston,62,Standard,116.97,One Year,Credit Card,249.4,6,0,50.7,0
CUST_0345,34,Male,Houston,48,Standard,63.12,Month-to-Month,Bank Transfer,219.3,20,1,24.8,1
CUST_0346,50,Male,Chicago,30,Basic,54.75,Two Year,Credit Card,215.3,9,2,28.7,1
CUST_0347,65,Female,Miami,12,Standard,25.03,Month-to-Month,Bank Transfer,286.7,5,0,27.5,0
CUST_0348,29,Male,Houston,35,Basic,25.28,Two Year,Electronic Check,414.0,20,2,25.6,0
CUST_0349,68,Male,Los Angeles,11,Standard,89.2,Month-to-Month,Electronic Check,212.8,2,4,55.9,1
CUST_0350,39,Female,Los Angeles,64,Standard,65.79,Two Year,Credit Card,285.9,6,1,50.6,0
CUST_0351,39,Female,New York,50,Standard,42.65,Month-to-Month,Mailed Check,351.8,26,1,11.0,1
CUST_0352,63,Female,Miami,21,Basic,81.4,One Year,Credit Card,171.2,18,1,10.9,0
CUST_0353,47,Female,Houston,69,Standard,45.29,One Year,Mailed Check,174.9,28,4,28.5,1
CUST_0354,55,Male,Los Angeles,48,Basic,77.76,Two Year,Bank Transfer,470.0,29,3,10.4,0
CUST_0355,55,Male,Miami,20,Basic,55.92,Two Year,Mailed Check,375.6,23,2,39.1,0
CUST_0356,62,Male,New York,67,Standard,102.36,Two Year,Mailed Check,309.7,19,3,12.9,0
CUST_0357,68,Male,Chicago,44,Standard,102.07,Two Year,Bank Transfer,341.5,9,4,33.7,0
CUST_0358,25,Female,Miami,33,Basic,67.74,Month-to-Month,Electronic Check,63.2,27,3,5.4,0
CUST_0359,44,Male,Miami,61,Basic,55.08,Month-to-Month,Bank Transfer,328.1,21,2,22.4,0
CUST_0360,44,Male,Chicago,9,Premium,56.26,Month-to-Month,Credit Card,279.3,24,1,42.2,1
CUST_0361,51,Female,Miami,68,Basic,100.57,Month-to-Month,Credit Card,295.6,27,1,31.6,0
CUST_0362,38,Male,New York,35,Premium,52.82,Month-to-Month,Credit Card,211.7,6,0,58.8,0
CUST_0363,47,Male,New York,65,Premium,40.91,One Year,Credit Card,86.7,14,1,53.1,0
CUST_0364,50,Male,Chicago,8,Premium,28.47,Month-to-Month,Credit Card,137.0,28,1,24.7,0
CUST_0365,45,Male,Houston,45,Standard,66.67,One Year,Electronic Check,477.8,26,2,7.5,0
CUST_0366,64,Male,Los Angeles,47,Standard,68.21,Month-to-Month,Electronic Check,233.9,24,2,51.5,0
CUST_0367,50,Male,Houston,40,Basic,104.09,Month-to-Month,Mailed Check,260.0,29,0,55.1,0
CUST_0368,22,Female,Miami,54,Premium,42.12,One Year,Credit Card,73.7,13,1,50.1,0
CUST_0369,65,Female,Los Angeles,46,Standard,58.1,One Year,Bank Transfer,66.9,11,2,12.0,0
CUST_0370,36,Male,Chicago,47,Standard,100.84,One Year,Credit Card,372.7,12,0,59.9,0
CUST_0371,21,Male,Chicago,15,Standard,102.36,One Year,Electronic Check,292.1,19,1,19.2,0
CUST_0372,52,Female,Los Angeles,19,Standard,58.46,Month-to-Month,Credit Card,278.9,19,1,44.8,0
CUST_0373,66,Male,New York,26,Standard,65.91,One Year,Electronic Check,159.4,21,0,54.9,1
CUST_0374,34,Male,Los Angeles,52,Premium,50.33,Month-to-Month,Mailed Check,385.1,27,2,18.0,0
CUST_0375,61,Male,Miami,22,Premium,113.26,Month-to-Month,Mailed Check,125.7,26,2,55.0,0
CUST_0376,45,Female,New York,21,Premium,31.86,Month-to-Month,Mailed Check,135.5,19,1,22.0,0
CUST_0377,47,Male,Chicago,51,Premium,113.37,Month-to-Month,Electronic Check,257.3,24,1,58.7,0
CUST_0378,46,Female,Los Angeles,38,Basic,88.39,Month-to-Month,Credit Card,178.8,26,5,20.5,0
CUST_0379,63,Male,Houston,20,Premium,73.16,Two Year,Credit Card,161.4,13,4,57.4,0
CUST_0380,23,Female,Houston,29,Standard,23.27,Two Year,Bank Transfer,340.4,28,2,7.9,1
CUST_0381,52,Female,Miami,51,Premium,67.56,Month-to-Month,Electronic Check,342.9,14,0,44.0,1
CUST_0382,58,Male,Houston,4,Basic,60.77,Month-to-Month,Bank Transfer,421.0,24,1,34.3,1
CUST_0383,54,Female,Los Angeles,55,Standard,36.12,Month-to-Month,Mailed Check,238.0,18,1,31.3,0
CUST_0384,41,Male,Los Angeles,71,Premium,85.64,Month-to-Month,Credit Card,82.9,12,2,17.3,0
CUST_0385,46,Female,Houston,28,Premium,117.12,Two Year,Electronic Check,173.1,4,0,43.8,0
CUST_0386,66,Male,Los Angeles,4,Premium,76.22,Month-to-Month,Bank Transfer,491.0,10,0,15.5,1
CUST_0387,63,Male,Miami,22,Standard,91.48,One Year,Bank Transfer,318.3,29,3,35.4,0
CUST_0388,48,Female,New York,45,Standard,26.85,Month-to-Month,Bank Transfer,369.4,17,1,18.9,0
CUST_0389,52,Male,Miami,67,Basic,61.77,Two Year,Credit Card,53.3,4,1,57.6,0
CUST_0390,50,Male,Miami,66,Standard,31.64,Month-to-Month,Credit Card,283.2,12,0,6.6,0
CUST_0391,69,Female,Los Angeles,34,Standard,81.28,One Year,Credit Card,66.9,13,1,16.0,1
CUST_0392,38,Male,New York,55,Premium,113.85,Month-to-Month,Electronic Check,306.2,29,2,18.3,0
CUST_0393,49,Male,Los Angeles,1,Standard,86.18,One Year,Credit Card,464.3,27,0,27.8,0
CUST_0394,40,Female,Chicago,38,Premium,27.68,Month-to-Month,Electronic Check,485.8,29,1,17.8,0
CUST_0395,50,Female,Los Angeles,6,Premium,55.47,Month-to-Month,Bank Transfer,293.2,4,2,32.0,1
CUST_0396,20,Male,Los Angeles,25,Standard,75.07,Two Year,Bank Transfer,256.2,10,1,53.0,0
CUST_0397,35,Male,Los Angeles,17,Basic,60.32,Two Year,Mailed Check,475.3,25,2,44.2,1
CUST_0398,42,Female,New York,61,Basic,103.36,Two Year,Credit Card,353.1,3,0,36.9,0
CUST_0399,59,Female,Los Angeles,12,Standard,101.47,One Year,Bank Transfer,79.2,15,2,9.9,1
CUST_0400,48,Male,New York,6,Basic,81.18,Two Year,Credit Card,259.6,2,3,43.2,0
CUST_0401,20,Female,Houston,27,Premium,57.35,Month-to-Month,Electronic Check,158.1,25,2,14.2,0
CUST_0402,57,Male,Chicago,8,Premium,45.53,Month-to-Month,Bank Transfer,261.4,25,3,48.3,0
CUST_0403,63,Male,New York,65,Standard,30.59,Month-to-Month,Credit Card,255.0,17,3,18.8,0
CUST_0404,41,Male,Houston,57,Basic,55.49,One Year,Bank Transfer,312.0,6,3,27.9,0
CUST_0405,67,Male,New York,40,Basic,61.32,Month-to-Month,Bank Transfer,210.5,26,2,24.3,1
CUST_0406,49,Male,New York,14,Premium,87.58,Month-to-Month,Credit Card,123.9,8,1,52.2,0
CUST_0407,64,Female,Chicago,35,Standard,85.82,One Year,Bank Transfer,276.7,3,0,12.0,0
CUST_0408,39,Female,Miami,48,Basic,27.01,Two Year,Bank Transfer,423.6,27,0,36.1,0
CUST_0409,40,Female,Miami,56,Standard,59.53,Month-to-Month,Bank Transfer,348.8,25,1,12.8,0
CUST_0410,19,Female,New York,49,Basic,38.18,Month-to-Month,Bank Transfer,202.3,18,0,43.8,1
CUST_0411,44,Male,Los Angeles,13,Premium,35.68,Month-to-Month,Electronic Check,471.0,22,2,54.8,0
CUST_0412,59,Male,Houston,61,Premium,102.73,Month-to-Month,Bank Transfer,460.5,1,3,28.9,1
CUST_0413,19,Male,Los Angeles,49,Standard,24.19,Month-to-Month,Mailed Check,144.2,29,2,31.8,1
CUST_0414,43,Male,Los Angeles,46,Premium,61.92,One Year,Bank Transfer,67.7,16,2,56.0,0
CUST_0415,34,Female,New York,62,Basic,36.82,One Year,Credit Card,383.6,7,1,33.7,0
CUST_0416,57,Male,New York,8,Premium,107.93,One Year,Mailed Check,422.4,3,0,31.8,1
CUST_0417,50,Male,New York,43,Standard,75.7,Month-to-Month,Electronic Check,485.5,23,1,36.8,0
CUST_0418,26,Female,New York,20,Standard,43.14,Two Year,Mailed Check,450.4,4,2,42.9,0
CUST_0419,60,Female,Miami,39,Standard,70.24,Month-to-Month,Mailed Check,320.2,9,3,10.9,0
CUST_0420,65,Female,New York,49,Basic,93.15,Month-to-Month,Mailed Check,288.5,5,1,50.2,0
CUST_0421,56,Female,Miami,64,Basic,115.81,Two Year,Credit Card,62.5,19,1,29.0,1
CUST_0422,46,Male,Miami,62,Basic,42.04,Month-to-Month,Credit Card,161.0,15,1,9.0,0
CUST_0423,59,Male,New York,54,Basic,108.62,Month-to-Month,Credit Card,256.8,8,1,48.2,0
CUST_0424,43,Female,Chicago,9,Basic,113.43,Two Year,Electronic Check,332.8,6,2,25.7,1
CUST_0425,52,Male,Houston,37,Premium,111.64,Month-to-Month,Credit Card,300.8,18,0,10.5,1
CUST_0426,67,Male,Los Angeles,49,Basic,83.54,One Year,Credit Card,384.2,19,3,39.9,0
CUST_0427,42,Male,Miami,41,Basic,82.98,Month-to-Month,Mailed Check,175.9,24,2,53.4,1
CUST_0428,41,Female,Houston,17,Premium,60.32,One Year,Credit Card,304.2,15,2,53.8,0
CUST_0429,30,Male,Chicago,21,Basic,95.24,Month-to-Month,Bank Transfer,89.7,26,1,57.7,1
CUST_0430,24,Female,Los Angeles,51,Standard,73.13,Month-to-Month,Credit Card,236.1,7,2,52.7,0
CUST_0431,53,Male,Los Angeles,59,Basic,87.74,One Year,Electronic Check,387.6,10,3,5.1,0
CUST_0432,62,Male,Miami,39,Basic,62.85,Month-to-Month,Electronic Check,362.0,6,1,25.9,0
CUST_0433,37,Male,New York,55,Standard,93.15,Month-to-Month,Bank Transfer,495.8,14,3,50.0,0
CUST_0434,18,Female,Chicago,41,Standard,102.45,Month-to-Month,Electronic Check,175.1,17,0,25.1,1
CUST_0435,25,Male,Miami,39,Standard,34.64,Month-to-Month,Electronic Check,274.2,9,3,38.1,0
CUST_0436,63,Female,Chicago,13,Standard,103.29,Month-to-Month,Mailed Check,198.3,19,3,38.3,1
CUST_0437,33,Female,New York,64,Basic,74.03,Month-to-Month,Bank Transfer,248.3,5,2,25.1,1
CUST_0438,31,Female,New York,11,Standard,104.47,Two Year,Mailed Check,435.6,23,1,54.7,0
CUST_0439,29,Male,Miami,19,Standard,63.13,Month-to-Month,Mailed Check,357.9,7,1,32.7,1
CUST_0440,68,Male,New York,11,Premium,57.9,Month-to-Month,Credit Card,447.1,19,2,30.6,0
CUST_0441,40,Male,Houston,46,Standard,111.51,Month-to-Month,Bank Transfer,141.6,20,1,59.9,1
CUST_0442,32,Male,Los Angeles,45,Standard,45.12,Month-to-Month,Credit Card,443.0,26,3,32.1,0
CUST_0443,45,Female,Miami,1,Premium,104.42,Two Year,Credit Card,76.9,7,4,14.8,1
CUST_0444,51,Female,Chicago,40,Premium,68.4,Month-to-Month,Mailed Check,449.9,24,3,33.2,0
CUST_0445,19,Female,Houston,19,Basic,71.41,Two Year,Electronic Check,198.1,2,1,49.8,0
CUST_0446,49,Male,Miami,61,Premium,50.85,Month-to-Month,Bank Transfer,191.6,25,1,47.7,0
CUST_0447,40,Female,New York,12,Basic,77.3,One Year,Electronic Check,280.4,23,1,48.4,0
CUST_0448,39,Male,New York,61,Premium,52.52,One Year,Mailed Check,473.3,16,1,43.9,1
CUST_0449,68,Female,New York,33,Premium,23.93,Two Year,Mailed Check,71.5,13,1,19.0,0
CUST_0450,42,Male,New York,45,Basic,47.2,One Year,Mailed Check,208.5,8,1,52.4,0
CUST_0451,39,Male,Chicago,69,Premium,20.64,One Year,Mailed Check,435.5,6,1,54.1,0
CUST_0452,39,Female,Houston,8,Basic,117.84,Month-to-Month,Mailed Check,228.2,6,1,15.7,0
CUST_0453,66,Female,Los Angeles,25,Premium,116.57,Month-to-Month,Mailed Check,139.6,9,4,12.2,0
CUST_0454,69,Female,Chicago,46,Standard,59.52,Two Year,Electronic Check,241.2,4,0,58.7,1
CUST_0455,59,Female,Chicago,30,Premium,92.84,Month-to-Month,Credit Card,223.5,27,3,52.8,1
CUST_0456,23,Male,Los Angeles,47,Basic,54.58,Month-to-Month,Electronic Check,461.9,11,1,54.1,0
CUST_0457,32,Female,Los Angeles,49,Premium,87.11,One Year,Bank Transfer,392.9,5,2,53.8,0
CUST_0458,60,Female,New York,47,Basic,100.54,Month-to-Month,Electronic Check,277.3,25,2,34.8,0
CUST_0459,54,Female,Chicago,18,Basic,114.68,Two Year,Mailed Check,494.8,17,1,40.6,0
CUST_0460,50,Male,Miami,66,Standard,60.02,One Year,Electronic Check,259.4,20,1,35.0,0
CUST_0461,25,Male,Los Angeles,68,Standard,98.33,One Year,Credit Card,76.2,7,3,7.8,1
CUST_0462,61,Female,Los Angeles,33,Basic,46.59,Two Year,Bank Transfer,168.0,27,1,46.0,0
CUST_0463,61,Male,Houston,36,Premium,119.03,Month-to-Month,Electronic Check,246.2,15,1,32.8,1
CUST_0464,22,Female,Miami,19,Basic,22.58,Month-to-Month,Credit Card,120.6,25,1,40.6,0
CUST_0465,56,Male,Miami,28,Basic,80.35,Month-to-Month,Electronic Check,476.4,15,0,32.6,0
CUST_0466,21,Male,Los Angeles,40,Premium,85.95,Month-to-Month,Bank Transfer,395.1,14,0,32.0,0
CUST_0467,23,Male,New York,15,Premium,88.8,One Year,Electronic Check,170.7,13,1,14.4,0
CUST_0468,62,Male,Houston,41,Premium,32.04,Two Year,Mailed Check,315.9,11,2,20.3,0
CUST_0469,49,Female,Miami,39,Premium,113.85,Month-to-Month,Electronic Check,374.7,28,1,13.7,1
CUST_0470,69,Female,Los Angeles,2,Basic,38.12,Month-to-Month,Credit Card,473.6,13,2,15.8,0
CUST_0471,47,Female,Miami,63,Basic,82.28,Two Year,Electronic Check,446.7,26,1,58.5,1
CUST_0472,64,Male,Houston,29,Standard,42.27,Month-to-Month,Credit Card,281.8,22,0,13.4,0
CUST_0473,52,Female,Houston,66,Basic,50.72,Month-to-Month,Bank Transfer,398.6,28,1,19.8,0
CUST_0474,57,Female,Chicago,51,Premium,74.65,Month-to-Month,Electronic Check,303.0,24,3,37.5,0
CUST_0475,69,Female,Los Angeles,10,Standard,61.72,Two Year,Bank Transfer,298.7,29,2,38.6,0
CUST_0476,33,Male,Houston,14,Premium,36.02,One Year,Bank Transfer,101.6,9,1,13.5,0
CUST_0477,30,Male,Chicago,51,Basic,37.09,One Year,Electronic Check,106.8,10,2,48.7,0
CUST_0478,67,Male,Chicago,39,Standard,61.81,Two Year,Credit Card,288.3,4,0,48.2,0
CUST_0479,59,Female,Miami,28,Premium,95.73,Month-to-Month,Bank Transfer,171.0,17,1,18.1,0
CUST_0480,47,Female,Miami,3,Standard,109.8,Month-to-Month,Bank Transfer,59.5,14,0,20.9,0
CUST_0481,36,Female,Chicago,70,Standard,28.41,Two Year,Electronic Check,375.3,24,1,56.6,0
CUST_0482,34,Male,Miami,27,Basic,59.31,Month-to-Month,Electronic Check,64.6,18,1,50.4,0
CUST_0483,36,Male,Houston,2,Premium,30.02,One Year,Electronic Check,317.9,11,2,43.4,1
CUST_0484,45,Female,New York,38,Standard,21.66,Two Year,Electronic Check,292.6,16,0,9.5,0
CUST_0485,43,Male,Houston,3,Standard,86.17,One Year,Electronic Check,486.0,1,2,28.0,1
CUST_0486,54,Male,Chicago,16,Premium,80.24,One Year,Mailed Check,267.9,29,0,35.8,0
CUST_0487,43,Male,Chicago,40,Standard,36.3,Two Year,Electronic Check,78.6,7,2,15.3,0
CUST_0488,40,Male,Houston,2,Standard,43.38,Two Year,Credit Card,298.3,28,1,29.7,0
CUST_0489,26,Female,Miami,41,Standard,22.37,Month-to-Month,Bank Transfer,428.5,10,1,38.1,1
CUST_0490,29,Male,Miami,12,Premium,103.49,Month-to-Month,Credit Card,498.6,9,1,23.0,0
CUST_0491,18,Male,Chicago,35,Premium,117.47,Month-to-Month,Credit Card,243.7,27,1,48.0,1
CUST_0492,18,Male,Los Angeles,65,Premium,33.55,One Year,Mailed Check,194.1,28,0,51.2,0
CUST_0493,64,Male,Miami,55,Premium,43.15,Month-to-Month,Electronic Check,458.0,28,1,22.8,0
CUST_0494,51,Female,Houston,45,Basic,106.84,One Year,Bank Transfer,136.1,25,2,51.1,0
CUST_0495,49,Female,Miami,62,Standard,112.65,Month-to-Month,Credit Card,326.9,3,0,10.7,0
CUST_0496,65,Male,Houston,49,Premium,61.96,One Year,Electronic Check,232.6,22,1,51.1,0
CUST_0497,42,Male,Chicago,25,Standard,25.06,Month-to-Month,Electronic Check,68.5,23,1,13.4,0
CUST_0498,57,Male,Miami,23,Standard,23.94,One Year,Mailed Check,206.3,14,1,9.6,0
CUST_0499,62,Male,Houston,24,Basic,77.39,One Year,Mailed Check,169.4,26,0,40.3,1
CUST_0500,18,Male,Chicago,38,Premium,59.29,Month-to-Month,Mailed Check,358.7,25,0,31.0,0
CUST_0501,33,Male,Los Angeles,28,Premium,22.87,Month-to-Month,Bank Transfer,477.0,15,0,54.9,1
CUST_0502,56,Female,Houston,21,Standard,78.33,One Year,Credit Card,170.6,2,2,25.0,0
CUST_0503,22,Male,Los Angeles,54,Premium,21.13,Month-to-Month,Mailed Check,415.2,24,0,20.8,0
CUST_0504,39,Female,Los Angeles,18,Standard,98.74,Month-to-Month,Mailed Check,74.9,14,3,32.5,1
CUST_0505,46,Female,New York,36,Standard,50.64,Two Year,Mailed Check,292.2,16,3,30.1,1
CUST_0506,20,Male,Miami,45,Basic,24.03,One Year,Credit Card,81.7,7,1,23.9,1
CUST_0507,29,Female,Houston,53,Basic,78.84,Two Year,Credit Card,470.3,4,1,43.2,0
CUST_0508,43,Female,Los Angeles,30,Basic,59.77,Month-to-Month,Mailed Check,394.9,18,2,46.8,0
CUST_0509,33,Female,New York,60,Standard,117.38,Month-to-Month,Mailed Check,346.1,24,2,51.9,0
CUST_0510,68,Female,Chicago,32,Premium,74.42,Two Year,Electronic Check,420.8,27,3,58.5,0
CUST_0511,54,Female,Houston,67,Basic,47.52,One Year,Mailed Check,341.4,5,3,19.7,0
CUST_0512,39,Female,Los Angeles,67,Premium,90.94,One Year,Bank Transfer,486.0,6,2,44.4,1
CUST_0513,46,Male,Miami,28,Basic,47.15,Month-to-Month,Bank Transfer,371.3,27,3,26.7,1
CUST_0514,31,Female,New York,44,Basic,110.42,Month-to-Month,Mailed Check,466.1,7,0,42.2,0
CUST_0515,45,Female,Los Angeles,41,Standard,57.47,Month-to-Month,Credit Card,282.7,15,1,31.2,0
CUST_0516,22,Female,Miami,63,Basic,74.99,Month-to-Month,Electronic Check,102.7,26,0,59.7,1
CUST_0517,64,Male,Los Angeles,23,Basic,25.06,Month-to-Month,Credit Card,287.7,1,1,45.1,0
CUST_0518,66,Female,Houston,48,Standard,62.61,Month-to-Month,Mailed Check,107.1,24,1,57.4,0
CUST_0519,47,Male,Houston,32,Premium,103.24,Two Year,Bank Transfer,316.6,4,2,50.9,0
CUST_0520,63,Female,Houston,57,Basic,100.56,Month-to-Month,Electronic Check,267.1,29,0,54.7,0
CUST_0521,69,Male,New York,33,Standard,42.43,One Year,Credit Card,330.2,25,2,49.8,1
CUST_0522,22,Male,Houston,24,Basic,42.61,Two Year,Credit Card,54.5,1,1,30.3,0
CUST_0523,29,Female,Miami,39,Standard,101.73,One Year,Mailed Check,137.7,11,2,18.8,0
CUST_0524,33,Female,Los Angeles,34,Premium,113.04,Month-to-Month,Electronic Check,271.1,18,0,25.4,0
CUST_0525,43,Male,Chicago,56,Premium,29.54,One Year,Bank Transfer,477.7,14,0,6.1,1
CUST_0526,43,Female,Miami,28,Standard,65.01,One Year,Mailed Check,222.6,22,0,33.8,1
CUST_0527,65,Male,Miami,37,Standard,53.75,One Year,Electronic Check,241.0,11,1,32.8,0
CUST_0528,38,Male,Houston,7,Standard,107.07,One Year,Credit Card,371.6,10,1,33.9,0
CUST_0529,56,Male,New York,68,Premium,28.35,Two Year,Mailed Check,321.7,27,2,58.6,0
CUST_0530,53,Male,Los Angeles,37,Basic,41.11,One Year,Credit Card,184.5,17,1,55.1,0
CUST_0531,50,Male,New York,56,Premium,95.25,Month-to-Month,Credit Card,234.9,4,1,13.9,0
CUST_0532,47,Female,Los Angeles,65,Standard,25.13,One Year,Mailed Check,148.0,24,3,25.3,0
CUST_0533,54,Male,Los Angeles,65,Standard,69.25,Month-to-Month,Mailed Check,484.7,15,2,28.3,0
CUST_0534,40,Male,New York,47,Premium,64.21,Two Year,Mailed Check,108.8,26,1,24.8,0
CUST_0535,27,Female,Miami,20,Standard,53.44,Month-to-Month,Mailed Check,217.3,16,1,48.9,0
CUST_0536,22,Male,Los Angeles,19,Premium,59.46,Month-to-Month,Mailed Check,61.6,21,2,33.8,1
CUST_0537,53,Female,New York,29,Standard,72.99,Two Year,Credit Card,149.8,13,0,36.5,0
CUST_0538,51,Female,Los Angeles,60,Basic,36.14,One Year,Bank Transfer,401.2,9,2,51.9,0
CUST_0539,69,Female,Chicago,18,Basic,77.2,Month-to-Month,Bank Transfer,140.5,11,1,49.3,1
CUST_0540,48,Male,Miami,35,Standard,100.54,Month-to-Month,Mailed Check,86.0,11,2,12.3,0
CUST_0541,27,Male,Houston,43,Premium,96.02,Two Year,Credit Card,263.5,6,2,44.3,0
CUST_0542,36,Male,Los Angeles,11,Basic,35.39,Month-to-Month,Bank Transfer,54.5,1,1,28.9,0
CUST_0543,49,Female,Chicago,49,Premium,34.92,Two Year,Bank Transfer,88.1,22,2,21.2,0
CUST_0544,18,Male,Houston,38,Standard,46.82,Month-to-Month,Bank Transfer,413.4,6,0,7.8,0
CUST_0545,22,Female,Houston,64,Premium,56.11,One Year,Credit Card,397.2,13,2,31.8,0
CUST_0546,62,Male,Los Angeles,69,Basic,60.85,Two Year,Mailed Check,461.8,22,0,24.5,1
CUST_0547,21,Female,New York,8,Premium,87.97,Month-to-Month,Mailed Check,434.5,24,1,18.8,0
CUST_0548,33,Male,Los Angeles,34,Premium,25.67,Month-to-Month,Mailed Check,357.4,22,2,43.2,0
CUST_0549,41,Male,Chicago,48,Standard,23.47,Month-to-Month,Electronic Check,73.5,5,4,47.3,0
CUST_0550,33,Male,Houston,56,Standard,59.19,One Year,Electronic Check,402.3,15,1,18.5,0
CUST_0551,19,Female,Los Angeles,65,Standard,89.72,One Year,Electronic Check,430.5,27,0,7.7,0
CUST_0552,66,Female,New York,31,Basic,39.34,One Year,Credit Card,409.6,18,0,51.7,0
CUST_0553,45,Male,Los Angeles,4,Basic,84.15,Month-to-Month,Bank Transfer,278.8,20,2,5.5,0
CUST_0554,49,Male,Miami,50,Standard,45.98,Month-to-Month,Bank Transfer,154.8,14,3,56.5,0
CUST_0555,44,Female,New York,69,Standard,108.61,Month-to-Month,Credit Card,430.4,15,1,39.5,1
CUST_0556,37,Female,Chicago,30,Basic,109.57,Month-to-Month,Credit Card,377.2,26,0,22.7,0
CUST_0557,41,Female,Houston,59,Basic,49.73,One Year,Mailed Check,491.3,5,1,18.6,1
CUST_0558,29,Male,Los Angeles,67,Basic,43.0,Two Year,Mailed Check,120.1,26,0,5.5,0
CUST_0559,67,Female,New York,45,Basic,61.13,One Year,Electronic Check,151.5,4,2,18.0,0
CUST_0560,52,Male,Miami,4,Standard,44.05,Month-to-Month,Electronic Check,145.3,2,1,12.6,1
CUST_0561,50,Female,New York,26,Basic,87.24,Two Year,Credit Card,406.6,7,1,38.7,0
CUST_0562,50,Male,Miami,27,Standard,102.61,One Year,Electronic Check,134.1,10,2,14.2,0
CUST_0563,68,Female,Chicago,46,Premium,87.31,Two Year,Bank Transfer,80.0,16,1,34.1,0
CUST_0564,60,Female,Houston,64,Premium,102.44,One Year,Credit Card,499.4,10,3,37.5,0
CUST_0565,54,Female,Chicago,51,Basic,59.7,Month-to-Month,Credit Card,61.2,18,2,21.4,0
CUST_0566,29,Female,Los Angeles,50,Premium,35.63,Month-to-Month,Bank Transfer,425.9,17,1,6.9,1
CUST_0567,20,Female,New York,6,Premium,93.8,One Year,Mailed Check,214.4,21,3,7.0,0
CUST_0568,18,Male,Miami,59,Premium,56.05,Month-to-Month,Mailed Check,428.7,28,0,6.4,1
CUST_0569,50,Female,Miami,15,Basic,87.13,Month-to-Month,Bank Transfer,299.6,13,2,45.7,0
CUST_0570,57,Female,New York,30,Basic,47.06,One Year,Bank Transfer,455.7,1,2,22.5,0
CUST_0571,27,Female,New York,42,Premium,28.12,One Year,Electronic Check,466.8,1,0,48.8,0
CUST_0572,60,Male,Los Angeles,37,Standard,119.26,One Year,Credit Card,54.1,15,0,28.7,1
CUST_0573,61,Female,Chicago,42,Premium,35.62,Month-to-Month,Electronic Check,83.9,1,2,29.9,1
CUST_0574,46,Male,Miami,35,Basic,118.84,Month-to-Month,Bank Transfer,162.7,6,3,33.2,0
CUST_0575,30,Female,Los Angeles,6,Basic,117.73,One Year,Electronic Check,351.2,25,2,44.2,0
CUST_0576,29,Female,Chicago,68,Basic,99.38,Two Year,Bank Transfer,449.7,26,2,20.0,0
CUST_0577,48,Male,Los Angeles,18,Premium,85.94,One Year,Electronic Check,257.0,13,0,11.7,0
CUST_0578,63,Female,Miami,29,Standard,77.78,Two Year,Electronic Check,323.1,27,1,35.6,0
CUST_0579,19,Male,New York,59,Basic,106.61,One Year,Mailed Check,134.8,28,1,23.0,1
CUST_0580,68,Male,New York,47,Basic,48.94,One Year,Bank Transfer,412.2,1,0,29.3,0
CUST_0581,67,Female,Chicago,17,Premium,66.77,Month-to-Month,Electronic Check,485.3,5,1,40.6,1
CUST_0582,52,Male,Houston,22,Standard,81.94,One Year,Credit Card,170.9,9,0,32.2,0
CUST_0583,40,Female,Chicago,68,Premium,61.12,One Year,Electronic Check,272.7,25,2,39.1,0
CUST_0584,34,Female,Houston,69,Basic,62.75,One Year,Electronic Check,88.8,17,2,34.9,0
CUST_0585,43,Male,Los Angeles,37,Standard,53.03,Month-to-Month,Credit Card,301.6,16,2,45.7,0
CUST_0586,25,Male,Los Angeles,49,Standard,76.42,One Year,Bank Transfer,276.3,8,0,43.8,1
CUST_0587,46,Male,Miami,13,Basic,105.06,Month-to-Month,Mailed Check,115.0,17,2,34.4,0
CUST_0588,43,Male,Houston,34,Standard,40.15,One Year,Mailed Check,248.9,15,1,42.3,0
CUST_0589,27,Female,Miami,53,Standard,113.44,Month-to-Month,Mailed Check,200.3,24,0,53.0,0
CUST_0590,43,Female,New York,51,Premium,88.91,Two Year,Credit Card,284.8,1,1,28.8,0
CUST_0591,51,Male,Houston,3,Basic,102.33,Month-to-Month,Electronic Check,313.5,12,0,27.7,0
CUST_0592,68,Female,Chicago,42,Basic,75.62,Month-to-Month,Bank Transfer,53.8,5,4,47.0,1
CUST_0593,58,Female,New York,32,Basic,97.95,Month-to-Month,Electronic Check,392.5,24,3,37.0,0
CUST_0594,24,Female,New York,51,Basic,21.62,One Year,Mailed Check,370.9,6,5,8.9,1
CUST_0595,21,Female,Chicago,46,Basic,101.84,Month-to-Month,Electronic Check,214.8,25,0,54.1,0
CUST_0596,67,Male,New York,21,Standard,24.01,Month-to-Month,Credit Card,73.8,1,2,6.7,0
CUST_0597,62,Male,Houston,44,Premium,108.99,One Year,Credit Card,389.7,25,2,46.2,1
CUST_0598,28,Female,Miami,11,Basic,119.2,Month-to-Month,Bank Transfer,479.8,1,0,46.7,0
CUST_0599,46,Male,New York,68,Premium,49.41,Two Year,Bank Transfer,158.1,10,2,57.4,1
CUST_0600,53,Male,Houston,1,Premium,41.03,Two Year,Mailed Check,195.6,10,2,8.0,0
CUST_0601,42,Male,Los Angeles,63,Standard,96.54,One Year,Bank Transfer,132.7,3,0,37.8,0
CUST_0602,38,Female,Houston,24,Basic,45.3,Month-to-Month,Electronic Check,309.6,17,2,28.5,1
CUST_0603,53,Female,Miami,13,Standard,106.56,One Year,Credit Card,119.7,19,0,23.2,1
CUST_0604,27,Female,Houston,11,Basic,30.28,Month-to-Month,Credit Card,210.3,28,3,10.0,0
CUST_0605,54,Male,Chicago,51,Standard,32.6,Month-to-Month,Credit Card,363.7,11,2,35.9,0
CUST_0606,26,Female,Miami,17,Premium,117.92,Month-to-Month,Bank Transfer,302.1,29,1,31.3,0
CUST_0607,41,Female,Los Angeles,24,Basic,87.38,Two Year,Credit Card,223.9,18,3,10.8,1
CUST_0608,52,Male,Chicago,19,Premium,104.69,Month-to-Month,Credit Card,239.1,2,2,38.7,0
CUST_0609,66,Female,Houston,37,Premium,52.43,One Year,Credit Card,302.9,9,1,45.6,1
CUST_0610,52,Female,Miami,8,Standard,87.65,One Year,Mailed Check,52.6,24,1,47.2,0
CUST_0611,65,Male,Los Angeles,28,Basic,79.42,Month-to-Month,Mailed Check,85.3,17,1,54.8,0
CUST_0612,53,Male,Chicago,5,Premium,80.32,Month-to-Month,Bank Transfer,446.6,28,1,27.5,0
CUST_0613,35,Male,Los Angeles,17,Standard,88.25,Two Year,Credit Card,85.0,14,3,57.4,0
CUST_0614,66,Female,Houston,36,Basic,77.54,One Year,Bank Transfer,368.1,4,2,52.6,1
CUST_0615,56,Female,Los Angeles,19,Basic,62.91,One Year,Credit Card,464.0,29,2,21.3,0
CUST_0616,49,Female,New York,64,Premium,47.59,Month-to-Month,Credit Card,171.8,17,2,13.8,1
CUST_0617,41,Male,Chicago,11,Basic,96.86,Month-to-Month,Credit Card,216.7,17,0,28.9,0
CUST_0618,40,Male,Los Angeles,54,Premium,42.63,Month-to-Month,Bank Transfer,306.0,12,1,27.1,0
CUST_0619,49,Female,Houston,45,Basic,89.24,Month-to-Month,Bank Transfer,446.8,28,0,36.7,1
CUST_0620,54,Female,Houston,47,Standard,43.33,Month-to-Month,Credit Card,473.9,20,2,37.1,0
CUST_0621,29,Male,Los Angeles,12,Premium,82.53,Two Year,Electronic Check,382.8,18,2,46.2,0
CUST_0622,66,Male,Houston,21,Premium,94.71,Month-to-Month,Bank Transfer,89.0,3,3,33.0,0
CUST_0623,30,Male,Miami,11,Basic,41.87,Month-to-Month,Mailed Check,351.1,11,0,10.8,1
CUST_0624,40,Male,Miami,5,Basic,25.99,One Year,Bank Transfer,234.6,25,3,52.2,1
CUST_0625,42,Female,Miami,56,Premium,33.1,One Year,Credit Card,261.8,18,1,22.0,0
CUST_0626,52,Male,New York,20,Basic,80.6,Month-to-Month,Electronic Check,72.1,4,0,58.4,1
CUST_0627,58,Female,Los Angeles,41,Standard,104.94,One Year,Credit Card,136.0,17,1,11.5,0
CUST_0628,47,Female,New York,46,Basic,24.5,Month-to-Month,Mailed Check,405.7,18,1,57.7,0
CUST_0629,34,Female,Houston,12,Standard,93.42,Month-to-Month,Bank Transfer,254.3,5,0,10.0,1
CUST_0630,66,Male,New York,70,Standard,54.13,Month-to-Month,Bank Transfer,185.7,14,1,17.7,0
CUST_0631,37,Male,Houston,17,Standard,67.85,Two Year,Credit Card,222.8,10,4,7.6,1
CUST_0632,65,Male,Houston,19,Standard,112.89,Month-to-Month,Credit Card,434.5,15,1,43.8,0
CUST_0633,42,Male,Chicago,26,Standard,53.2,Month-to-Month,Mailed Check,387.0,1,1,51.8,0
CUST_0634,39,Female,Miami,48,Basic,66.53,Month-to-Month,Electronic Check,172.5,16,2,28.9,0
CUST_0635,30,Male,Houston,52,Standard,21.37,Two Year,Mailed Check,102.9,11,1,56.1,0
CUST_0636,36,Male,Chicago,70,Basic,28.16,Month-to-Month,Electronic Check,163.4,23,0,37.5,1
CUST_0637,66,Female,Miami,55,Standard,45.86,Month-to-Month,Bank Transfer,464.3,20,1,39.7,0
CUST_0638,53,Male,Houston,33,Premium,22.79,Month-to-Month,Electronic Check,311.7,6,0,51.5,0
CUST_0639,29,Female,Houston,62,Standard,83.14,Month-to-Month,Electronic Check,290.1,24,1,21.3,0
CUST_0640,58,Female,New York,23,Premium,62.64,One Year,Bank Transfer,318.4,29,1,24.5,0
CUST_0641,36,Female,New York,15,Standard,74.81,One Year,Bank Transfer,214.7,22,2,54.8,1
CUST_0642,29,Female,Miami,27,Standard,37.46,Month-to-Month,Bank Transfer,413.2,16,1,54.6,0
CUST_0643,26,Female,Houston,64,Standard,49.59,Month-to-Month,Mailed Check,285.5,2,1,58.7,0
CUST_0644,24,Female,Los Angeles,51,Premium,86.38,Month-to-Month,Bank Transfer,102.5,1,2,54.6,1
CUST_0645,45,Female,New York,53,Premium,116.53,Month-to-Month,Credit Card,108.1,24,2,12.0,0
CUST_0646,31,Female,Miami,51,Standard,25.04,Month-to-Month,Bank Transfer,291.6,24,2,50.3,1
CUST_0647,48,Male,Houston,47,Basic,109.04,One Year,Bank Transfer,471.5,9,2,27.5,0
CUST_0648,69,Male,Houston,4,Standard,77.69,Two Year,Bank Transfer,188.8,22,0,59.5,0
CUST_0649,36,Male,Los Angeles,7,Premium,76.39,Two Year,Electronic Check,441.3,12,2,31.0,1
CUST_0650,64,Male,Miami,35,Standard,70.03,Two Year,Mailed Check,393.8,17,1,35.5,0
CUST_0651,33,Female,Houston,48,Premium,26.94,One Year,Bank Transfer,161.5,25,2,34.1,0
CUST_0652,22,Male,New York,45,Premium,28.99,One Year,Mailed Check,66.4,28,3,22.7,0
CUST_0653,52,Female,Los Angeles,19,Premium,80.09,Month-to-Month,Credit Card,95.8,29,1,9.1,0
CUST_0654,29,Male,Miami,63,Standard,54.1,One Year,Credit Card,377.8,15,2,54.3,0
CUST_0655,42,Male,Los Angeles,38,Premium,111.73,Month-to-Month,Bank Transfer,139.9,19,0,49.1,1
CUST_0656,69,Male,New York,67,Premium,60.66,Month-to-Month,Credit Card,217.1,27,0,12.7,0
CUST_0657,38,Female,Miami,59,Standard,34.33,One Year,Mailed Check,275.8,22,4,47.7,0
CUST_0658,53,Male,Los Angeles,69,Premium,91.47,Month-to-Month,Electronic Check,376.5,10,1,39.4,1
CUST_0659,40,Female,Chicago,13,Standard,49.34,Month-to-Month,Bank Transfer,101.0,29,1,27.5,0
CUST_0660,33,Female,New York,47,Premium,72.55,Two Year,Credit Card,232.9,26,0,19.0,0
CUST_0661,56,Male,New York,61,Basic,89.78,Month-to-Month,Mailed Check,268.3,27,3,52.3,1
CUST_0662,62,Male,New York,31,Basic,110.03,Month-to-Month,Mailed Check,293.4,12,2,43.5,1
CUST_0663,59,Male,Chicago,22,Premium,99.22,Two Year,Credit Card,418.3,14,2,35.1,0
CUST_0664,56,Female,Chicago,43,Basic,87.64,One Year,Mailed Check,127.3,9,1,38.5,0
CUST_0665,31,Male,Houston,67,Standard,87.96,One Year,Mailed Check,413.5,27,2,10.0,0
CUST_0666,48,Female,Los Angeles,54,Basic,114.59,Month-to-Month,Bank Transfer,361.8,13,0,31.1,0
CUST_0667,22,Female,Houston,10,Premium,49.58,Month-to-Month,Mailed Check,300.1,3,2,15.7,0
CUST_0668,52,Male,Los Angeles,42,Premium,20.11,Two Year,Credit Card,364.8,21,2,16.5,1
CUST_0669,40,Male,Chicago,64,Standard,47.2,One Year,Bank Transfer,235.4,29,2,41.4,1
CUST_0670,46,Female,Chicago,21,Premium,41.79,One Year,Credit Card,112.3,14,2,55.1,1
CUST_0671,60,Female,Houston,66,Standard,86.18,Month-to-Month,Electronic Check,349.6,21,2,27.2,0
CUST_0672,28,Female,Miami,41,Basic,83.37,Month-to-Month,Credit Card,286.1,10,2,16.4,1
CUST_0673,35,Male,Houston,24,Basic,79.35,Two Year,Credit Card,337.7,16,0,40.7,0
CUST_0674,64,Female,Los Angeles,35,Standard,21.62,Month-to-Month,Bank Transfer,202.1,7,1,52.9,0
CUST_0675,29,Male,Houston,56,Standard,92.88,One Year,Mailed Check,458.1,4,1,46.2,0
CUST_0676,26,Female,New York,30,Premium,52.35,Month-to-Month,Credit Card,314.3,27,3,52.8,0
CUST_0677,27,Female,Los Angeles,57,Basic,86.51,One Year,Bank Transfer,88.4,20,1,34.5,1
CUST_0678,61,Male,Los Angeles,47,Standard,75.66,Two Year,Electronic Check,252.4,23,5,46.4,0
CUST_0679,34,Female,Miami,35,Basic,54.27,One Year,Bank Transfer,390.4,25,3,12.7,0
CUST_0680,55,Male,Chicago,19,Standard,33.46,Month-to-Month,Bank Transfer,407.4,11,3,24.2,1
CUST_0681,24,Male,Los Angeles,8,Basic,29.44,One Year,Mailed Check,272.6,16,2,26.4,0
CUST_0682,63,Female,Chicago,26,Premium,103.15,One Year,Credit Card,452.6,20,1,33.1,1
CUST_0683,30,Male,Houston,71,Basic,111.84,Month-to-Month,Electronic Check,170.5,4,3,56.1,0
CUST_0684,57,Male,New York,30,Basic,84.98,Two Year,Bank Transfer,234.8,22,2,53.1,0
CUST_0685,59,Female,Miami,7,Basic,30.34,One Year,Credit Card,454.4,22,0,12.4,1
CUST_0686,26,Male,Chicago,67,Basic,60.2,Two Year,Credit Card,453.3,23,3,14.5,0
CUST_0687,67,Male,Los Angeles,65,Basic,92.89,One Year,Bank Transfer,358.6,17,1,24.7,0
CUST_0688,44,Male,Chicago,36,Premium,97.98,Month-to-Month,Credit Card,436.5,13,1,21.0,0
CUST_0689,19,Female,Los Angeles,25,Standard,31.82,Month-to-Month,Bank Transfer,89.9,11,2,38.8,0
CUST_0690,22,Male,Chicago,37,Basic,20.0,Month-to-Month,Bank Transfer,439.2,3,1,54.7,0
CUST_0691,46,Female,Los Angeles,1,Premium,91.21,Two Year,Bank Transfer,194.3,9,0,57.9,0
CUST_0692,54,Female,Houston,15,Basic,55.66,One Year,Electronic Check,130.2,6,3,40.9,0
CUST_0693,55,Male,Los Angeles,37,Basic,45.45,One Year,Bank Transfer,157.7,22,3,51.1,1
CUST_0694,36,Male,Los Angeles,13,Standard,21.29,Month-to-Month,Mailed Check,238.1,21,3,33.9,0
CUST_0695,25,Male,New York,8,Basic,74.03,Month-to-Month,Credit Card,163.0,11,1,16.5,0
CUST_0696,65,Female,Los Angeles,5,Premium,105.12,One Year,Electronic Check,194.3,16,2,33.9,0
CUST_0697,62,Male,New York,60,Premium,115.76,Month-to-Month,Credit Card,110.7,19,0,35.5,1
CUST_0698,18,Male,Miami,1,Standard,76.57,Month-to-Month,Electronic Check,183.3,27,1,45.8,1
CUST_0699,39,Male,New York,36,Basic,71.45,One Year,Mailed Check,307.5,5,1,17.1,0
CUST_0700,69,Male,Houston,35,Premium,28.51,Month-to-Month,Electronic Check,248.8,14,1,25.3,1
CUST_0701,34,Male,New York,66,Basic,74.89,Month-to-Month,Electronic Check,206.0,17,1,25.0,0
CUST_0702,24,Female,Miami,63,Basic,58.0,Month-to-Month,Electronic Check,385.9,3,0,57.8,0
CUST_0703,42,Female,Houston,23,Basic,80.71,Month-to-Month,Credit Card,452.1,4,4,29.4,0
CUST_0704,62,Male,Chicago,9,Standard,58.87,Two Year,Bank Transfer,390.6,16,3,46.5,0
CUST_0705,21,Male,Chicago,34,Basic,44.03,Month-to-Month,Credit Card,199.4,16,3,46.3,0
CUST_0706,53,Male,New York,46,Premium,29.5,Month-to-Month,Bank Transfer,385.0,21,5,19.6,0
CUST_0707,23,Male,New York,4,Basic,51.49,Month-to-Month,Credit Card,118.4,26,3,36.5,1
CUST_0708,48,Female,Miami,30,Premium,29.66,One Year,Mailed Check,108.6,25,3,54.2,1
CUST_0709,36,Male,Miami,3,Basic,37.69,Month-to-Month,Mailed Check,205.5,4,2,31.1,0
CUST_0710,61,Female,Los Angeles,14,Premium,118.73,One Year,Electronic Check,413.5,19,1,57.0,0
CUST_0711,56,Female,Miami,60,Premium,64.41,Month-to-Month,Mailed Check,160.9,26,1,16.8,0
CUST_0712,44,Male,Los Angeles,45,Basic,73.19,Month-to-Month,Electronic Check,78.5,17,2,9.1,0
CUST_0713,27,Female,Houston,34,Basic,107.36,Month-to-Month,Bank Transfer,109.3,13,0,54.0,0
CUST_0714,43,Female,New York,45,Premium,119.56,Two Year,Mailed Check,436.4,26,2,51.6,0
CUST_0715,36,Female,Houston,61,Standard,78.27,Two Year,Bank Transfer,335.2,22,4,59.6,0
CUST_0716,56,Female,Miami,16,Basic,101.25,Month-to-Month,Credit Card,163.9,23,2,42.4,1
CUST_0717,20,Male,Houston,66,Standard,52.69,One Year,Bank Transfer,299.9,26,3,56.5,0
CUST_0718,62,Male,Houston,40,Basic,50.57,Two Year,Credit Card,287.4,24,0,50.5,0
CUST_0719,30,Female,Houston,17,Basic,60.27,Month-to-Month,Bank Transfer,344.9,28,0,51.4,0
CUST_0720,67,Male,Miami,34,Basic,87.25,Two Year,Bank Transfer,154.9,1,2,36.3,0
CUST_0721,45,Male,Houston,16,Basic,88.22,Month-to-Month,Mailed Check,439.0,12,3,26.0,1
CUST_0722,37,Male,Los Angeles,60,Standard,51.52,Two Year,Bank Transfer,189.2,4,2,56.4,0
CUST_0723,45,Male,Miami,66,Basic,33.32,One Year,Mailed Check,362.4,11,0,28.8,1
CUST_0724,25,Male,Houston,66,Premium,83.24,Two Year,Mailed Check,57.3,5,1,34.6,1
CUST_0725,58,Female,Miami,13,Premium,32.83,One Year,Electronic Check,217.7,2,1,29.5,0
CUST_0726,56,Male,Chicago,56,Standard,77.85,Month-to-Month,Electronic Check,208.3,17,2,36.1,0
CUST_0727,18,Male,Los Angeles,31,Basic,89.34,Two Year,Credit Card,294.6,8,1,30.9,1
CUST_0728,20,Male,Houston,34,Premium,90.06,Month-to-Month,Bank Transfer,82.7,6,1,7.6,1
CUST_0729,30,Male,Chicago,39,Standard,95.35,Month-to-Month,Credit Card,405.6,21,2,53.5,0
CUST_0730,45,Female,Chicago,67,Basic,107.29,One Year,Bank Transfer,148.0,29,2,29.4,1
CUST_0731,66,Female,Miami,8,Premium,70.0,One Year,Electronic Check,354.7,9,1,37.4,1
CUST_0732,42,Female,Chicago,55,Premium,93.02,Two Year,Electronic Check,411.4,13,0,12.7,0
CUST_0733,50,Female,Los Angeles,27,Standard,81.92,Month-to-Month,Bank Transfer,302.8,11,1,5.2,0
CUST_0734,55,Male,Los Angeles,53,Basic,38.66,One Year,Bank Transfer,383.4,29,2,18.5,1
CUST_0735,23,Female,New York,39,Basic,22.57,One Year,Electronic Check,347.8,16,2,43.8,0
CUST_0736,61,Male,Los Angeles,65,Premium,48.45,Month-to-Month,Electronic Check,210.0,16,1,10.5,0
CUST_0737,62,Male,Chicago,17,Premium,64.3,Month-to-Month,Credit Card,414.0,27,0,55.0,0
CUST_0738,49,Male,Los Angeles,30,Premium,81.71,Month-to-Month,Electronic Check,182.6,2,3,16.8,0
CUST_0739,62,Male,Miami,53,Basic,105.0,Month-to-Month,Bank Transfer,307.0,10,4,16.3,0
CUST_0740,64,Male,New York,13,Standard,39.62,Two Year,Credit Card,385.4,12,0,15.0,1
CUST_0741,38,Female,Chicago,21,Standard,32.55,One Year,Bank Transfer,220.5,8,2,5.8,0
CUST_0742,33,Female,New York,19,Basic,116.35,One Year,Mailed Check,186.2,11,6,47.4,0
CUST_0743,38,Female,Chicago,53,Standard,30.8,Two Year,Credit Card,256.7,10,1,53.1,0
CUST_0744,28,Female,Miami,19,Premium,67.85,Month-to-Month,Bank Transfer,418.1,13,3,38.8,0
CUST_0745,54,Male,New York,57,Standard,78.56,Two Year,Electronic Check,468.5,25,1,15.4,0
CUST_0746,53,Female,Houston,25,Standard,74.14,Month-to-Month,Mailed Check,295.3,17,0,20.7,0
CUST_0747,52,Male,Chicago,31,Standard,28.6,Two Year,Bank Transfer,347.7,7,1,31.2,0
CUST_0748,36,Female,Houston,55,Premium,25.7,Month-to-Month,Credit Card,456.5,24,2,57.5,0
CUST_0749,37,Male,New York,23,Basic,30.55,Two Year,Bank Transfer,94.3,3,1,18.6,0
CUST_0750,35,Male,Houston,32,Premium,78.56,Month-to-Month,Mailed Check,154.4,20,2,45.2,0
CUST_0751,64,Female,Houston,62,Basic,74.43,Month-to-Month,Credit Card,369.0,13,1,29.2,1
CUST_0752,58,Male,New York,10,Basic,43.37,One Year,Mailed Check,420.7,19,3,21.4,0
CUST_0753,66,Male,Miami,54,Basic,83.78,Month-to-Month,Bank Transfer,435.7,7,2,30.1,0
CUST_0754,31,Female,Houston,52,Standard,102.01,One Year,Electronic Check,236.8,9,2,8.9,0
CUST_0755,32,Male,Houston,20,Standard,24.16,Month-to-Month,Electronic Check,90.2,19,3,48.9,0
CUST_0756,48,Female,Miami,32,Basic,69.81,One Year,Bank Transfer,247.0,13,0,18.4,0
CUST_0757,18,Female,Houston,14,Basic,88.93,Month-to-Month,Bank Transfer,153.8,22,2,44.9,0
CUST_0758,20,Female,Houston,50,Standard,45.23,Month-to-Month,Bank Transfer,181.0,8,2,8.8,0
CUST_0759,33,Male,Houston,28,Premium,50.78,Month-to-Month,Credit Card,397.5,22,2,57.5,1
CUST_0760,40,Male,Los Angeles,53,Basic,81.36,Month-to-Month,Mailed Check,84.0,18,5,15.6,1
CUST_0761,28,Male,Miami,24,Premium,109.79,Month-to-Month,Mailed Check,422.4,29,2,53.6,0
CUST_0762,29,Female,Houston,22,Standard,100.99,Month-to-Month,Mailed Check,242.5,23,0,49.5,0
CUST_0763,27,Male,Miami,30,Basic,78.31,Month-to-Month,Bank Transfer,318.2,2,2,58.2,0
CUST_0764,49,Female,Chicago,63,Premium,93.02,Month-to-Month,Mailed Check,90.3,18,4,31.3,1
CUST_0765,33,Female,Chicago,4,Premium,56.48,One Year,Bank Transfer,201.8,18,0,45.0,1
CUST_0766,25,Male,Houston,59,Premium,84.1,Two Year,Credit Card,90.4,11,1,25.4,0
CUST_0767,55,Female,Miami,8,Standard,66.62,Month-to-Month,Electronic Check,482.7,1,3,15.1,0
CUST_0768,29,Male,Miami,12,Standard,38.99,One Year,Bank Transfer,413.3,14,1,29.4,0
CUST_0769,41,Male,Miami,31,Premium,90.17,One Year,Bank Transfer,256.8,16,0,14.1,0
CUST_0770,45,Male,Los Angeles,34,Premium,75.65,Month-to-Month,Electronic Check,150.6,11,1,59.0,0
CUST_0771,25,Male,Chicago,49,Standard,55.86,One Year,Electronic Check,470.1,1,1,10.3,0
CUST_0772,45,Male,Miami,57,Premium,111.13,Month-to-Month,Credit Card,205.1,7,2,37.4,0
CUST_0773,53,Female,Miami,26,Premium,22.09,One Year,Mailed Check,122.4,29,0,39.5,1
CUST_0774,43,Female,Los Angeles,18,Standard,51.58,Month-to-Month,Bank Transfer,303.4,16,1,34.6,1
CUST_0775,25,Female,Los Angeles,38,Premium,25.69,One Year,Mailed Check,474.7,14,1,41.4,0
CUST_0776,67,Male,Miami,50,Premium,96.65,One Year,Bank Transfer,51.7,15,2,11.4,0
CUST_0777,45,Male,New York,8,Premium,90.21,Month-to-Month,Credit Card,157.2,14,4,35.5,1
CUST_0778,45,Male,Miami,41,Standard,53.14,Month-to-Month,Electronic Check,472.3,28,2,20.8,0
CUST_0779,54,Female,Miami,6,Premium,87.57,Two Year,Credit Card,127.0,21,0,56.7,0
CUST_0780,58,Male,Los Angeles,69,Standard,59.59,Month-to-Month,Electronic Check,101.0,11,2,46.9,0
CUST_0781,53,Female,Los Angeles,44,Standard,95.63,One Year,Mailed Check,306.6,16,1,58.5,0
CUST_0782,44,Female,Miami,64,Basic,65.42,Two Year,Mailed Check,437.8,19,1,7.1,0
CUST_0783,34,Male,Miami,29,Basic,61.23,One Year,Credit Card,264.7,17,0,20.7,0
CUST_0784,26,Male,Miami,28,Premium,113.47,One Year,Electronic Check,497.6,27,1,15.7,0
CUST_0785,50,Female,Los Angeles,11,Standard,45.09,One Year,Credit Card,355.6,26,1,5.6,0
CUST_0786,37,Male,Miami,65,Basic,32.04,Two Year,Electronic Check,83.3,6,1,18.3,0
CUST_0787,30,Female,Miami,19,Premium,78.45,Month-to-Month,Electronic Check,496.8,11,2,42.3,0
CUST_0788,45,Male,Houston,9,Basic,116.93,Month-to-Month,Mailed Check,233.6,17,1,17.7,1
CUST_0789,65,Male,New York,27,Basic,57.78,Month-to-Month,Mailed Check,179.3,9,1,33.0,0
CUST_0790,46,Female,Chicago,34,Standard,26.2,Two Year,Electronic Check,301.0,18,3,53.8,0
CUST_0791,30,Male,New York,44,Standard,53.93,One Year,Electronic Check,186.9,17,2,43.2,0
CUST_0792,63,Female,Houston,68,Basic,70.59,Month-to-Month,Electronic Check,88.9,12,1,26.7,0
CUST_0793,52,Male,Chicago,15,Basic,36.19,Two Year,Mailed Check,50.6,23,4,25.5,0
CUST_0794,23,Female,Miami,51,Standard,85.81,Month-to-Month,Mailed Check,252.3,22,1,30.1,1
CUST_0795,35,Female,Houston,13,Premium,119.77,Month-to-Month,Bank Transfer,426.6,22,1,14.7,0
CUST_0796,68,Male,Miami,49,Standard,65.17,One Year,Electronic Check,307.5,5,1,39.9,0
CUST_0797,22,Female,Los Angeles,70,Basic,55.47,Month-to-Month,Bank Transfer,499.6,11,0,25.0,0
CUST_0798,64,Male,Houston,56,Premium,60.07,Two Year,Electronic Check,179.1,4,1,51.9,0
CUST_0799,42,Male,Los Angeles,51,Basic,31.51,Month-to-Month,Mailed Check,176.2,27,0,46.6,0
CUST_0800,19,Male,Houston,37,Premium,108.33,Two Year,Bank Transfer,121.9,4,1,38.6,0
CUST_0801,27,Female,Houston,17,Basic,61.48,One Year,Bank Transfer,123.8,3,1,25.0,0
CUST_0802,47,Female,Los Angeles,58,Premium,58.73,Month-to-Month,Credit Card,178.3,26,3,16.5,0
CUST_0803,67,Male,Chicago,29,Premium,85.97,Two Year,Electronic Check,406.8,24,2,47.7,0
CUST_0804,62,Male,New York,33,Basic,64.2,One Year,Mailed Check,457.6,23,0,31.8,0
CUST_0805,22,Female,Miami,60,Premium,84.82,Month-to-Month,Credit Card,488.8,25,1,17.4,0
CUST_0806,50,Male,Houston,55,Standard,26.14,Month-to-Month,Credit Card,154.5,17,2,15.7,0
CUST_0807,18,Male,Miami,10,Basic,101.37,Two Year,Electronic Check,446.6,7,2,14.1,0
CUST_0808,35,Female,Los Angeles,47,Standard,114.05,Month-to-Month,Credit Card,197.7,26,6,47.7,0
CUST_0809,49,Male,Miami,23,Basic,84.88,Month-to-Month,Electronic Check,100.8,4,1,17.6,0
CUST_0810,64,Female,Los Angeles,21,Premium,115.46,Month-to-Month,Credit Card,441.5,23,2,34.0,1
CUST_0811,66,Male,Miami,13,Premium,35.14,Month-to-Month,Electronic Check,336.2,13,4,29.8,1
CUST_0812,28,Female,New York,33,Premium,67.74,One Year,Mailed Check,124.1,12,0,36.9,0
CUST_0813,38,Male,New York,24,Basic,80.18,Month-to-Month,Electronic Check,243.4,1,0,53.2,0
CUST_0814,43,Male,New York,11,Standard,78.17,Month-to-Month,Electronic Check,179.3,21,1,52.7,0
CUST_0815,42,Female,New York,17,Standard,60.15,Month-to-Month,Bank Transfer,381.6,19,3,29.8,0
CUST_0816,39,Male,New York,68,Basic,53.81,Month-to-Month,Mailed Check,254.0,21,0,5.8,0
CUST_0817,44,Female,New York,47,Basic,32.68,Two Year,Mailed Check,495.2,20,0,28.5,0
CUST_0818,66,Male,Los Angeles,25,Standard,59.17,Month-to-Month,Mailed Check,74.6,18,1,38.3,1
CUST_0819,30,Female,Houston,21,Standard,36.27,Two Year,Credit Card,209.8,11,0,35.7,1
CUST_0820,50,Female,Miami,12,Standard,93.44,Month-to-Month,Bank Transfer,266.9,20,1,40.8,0
CUST_0821,51,Female,New York,37,Standard,40.88,Month-to-Month,Mailed Check,276.4,3,2,13.5,0
CUST_0822,58,Female,Los Angeles,42,Basic,25.86,Two Year,Credit Card,192.2,29,2,40.6,0
CUST_0823,52,Male,Los Angeles,17,Basic,75.24,Month-to-Month,Credit Card,378.2,17,2,15.0,1
CUST_0824,18,Male,Los Angeles,48,Premium,79.52,One Year,Credit Card,443.6,12,2,46.3,1
CUST_0825,38,Female,Houston,28,Standard,107.19,Two Year,Bank Transfer,472.4,10,0,23.6,1
CUST_0826,65,Female,Miami,41,Premium,77.7,Month-to-Month,Credit Card,412.3,8,1,44.0,0
CUST_0827,23,Female,Houston,47,Basic,54.55,Month-to-Month,Bank Transfer,432.8,15,0,7.6,0
CUST_0828,45,Male,Chicago,18,Basic,100.3,One Year,Electronic Check,297.7,5,2,27.4,0
CUST_0829,34,Male,Los Angeles,71,Premium,74.03,Month-to-Month,Credit Card,421.6,4,2,43.8,0
CUST_0830,22,Male,Chicago,13,Standard,27.93,Month-to-Month,Mailed Check,186.6,26,2,17.5,0
CUST_0831,48,Male,New York,13,Standard,76.59,Month-to-Month,Credit Card,229.3,28,1,48.7,0
CUST_0832,22,Female,New York,31,Standard,110.8,Month-to-Month,Electronic Check,192.6,21,3,39.7,0
CUST_0833,55,Female,Houston,2,Standard,59.63,One Year,Electronic Check,260.3,20,2,37.3,0
CUST_0834,20,Female,Miami,16,Premium,49.63,Month-to-Month,Credit Card,178.5,19,2,24.4,0
CUST_0835,40,Male,Chicago,9,Premium,34.35,Month-to-Month,Electronic Check,482.7,21,3,31.5,0
CUST_0836,54,Male,Miami,38,Basic,35.14,One Year,Bank Transfer,190.8,4,2,37.9,0
CUST_0837,54,Male,Houston,54,Standard,63.28,Month-to-Month,Bank Transfer,94.1,15,0,31.0,0
CUST_0838,27,Female,New York,56,Standard,79.57,Month-to-Month,Credit Card,287.1,17,1,43.4,0
CUST_0839,27,Female,Miami,45,Standard,28.06,One Year,Bank Transfer,75.7,12,1,28.9,0
CUST_0840,36,Male,Miami,34,Premium,113.96,Month-to-Month,Bank Transfer,99.7,3,1,16.1,0
CUST_0841,34,Female,New York,9,Standard,95.51,One Year,Mailed Check,148.7,10,0,16.8,1
CUST_0842,38,Male,Chicago,8,Premium,78.66,Two Year,Credit Card,259.0,15,0,5.3,0
CUST_0843,31,Male,New York,7,Standard,102.84,Month-to-Month,Electronic Check,245.0,10,0,21.6,0
CUST_0844,26,Female,Miami,36,Standard,28.02,One Year,Credit Card,409.9,24,2,46.2,0
CUST_0845,63,Male,Chicago,18,Basic,67.68,Month-to-Month,Bank Transfer,382.8,23,5,48.7,1
CUST_0846,18,Female,Chicago,3,Standard,83.01,Month-to-Month,Mailed Check,241.8,18,2,16.1,0
CUST_0847,68,Male,New York,28,Standard,102.87,Two Year,Credit Card,200.2,1,1,57.7,0
CUST_0848,62,Female,Miami,70,Basic,98.35,Two Year,Credit Card,192.4,3,2,32.6,0
CUST_0849,30,Female,Houston,44,Premium,47.71,Month-to-Month,Bank Transfer,398.3,21,1,55.4,0
CUST_0850,21,Female,Miami,21,Premium,114.09,One Year,Bank Transfer,73.4,26,3,43.9,0
CUST_0851,18,Male,Los Angeles,28,Standard,32.43,Two Year,Credit Card,55.8,27,0,44.7,0
CUST_0852,66,Male,Houston,54,Premium,107.51,Two Year,Bank Transfer,408.0,12,0,9.7,1
CUST_0853,57,Female,Chicago,54,Standard,117.09,One Year,Bank Transfer,264.7,1,0,17.1,1
CUST_0854,49,Female,Houston,65,Basic,37.72,Month-to-Month,Bank Transfer,108.9,3,1,5.5,0
CUST_0855,51,Male,Chicago,21,Basic,92.21,Month-to-Month,Bank Transfer,156.0,3,2,44.4,0
CUST_0856,45,Male,Chicago,13,Standard,24.03,Two Year,Bank Transfer,469.6,5,0,23.9,0
CUST_0857,48,Male,Houston,57,Basic,60.54,Month-to-Month,Mailed Check,436.8,19,1,48.3,1
CUST_0858,25,Female,Chicago,49,Basic,71.63,One Year,Bank Transfer,369.4,29,0,23.6,0
CUST_0859,56,Male,Chicago,54,Standard,78.06,Month-to-Month,Electronic Check,267.0,25,0,50.1,1
CUST_0860,43,Male,Los Angeles,10,Standard,113.59,Month-to-Month,Credit Card,284.1,1,2,12.2,0
CUST_0861,51,Female,Miami,53,Basic,87.23,Month-to-Month,Mailed Check,488.9,4,1,14.5,0
CUST_0862,20,Male,Miami,44,Premium,68.13,Two Year,Mailed Check,484.6,29,2,23.7,1
CUST_0863,67,Male,Los Angeles,47,Premium,100.97,Month-to-Month,Bank Transfer,146.9,29,2,27.5,0
CUST_0864,29,Male,Houston,53,Standard,115.05,One Year,Credit Card,415.0,26,1,24.2,0
CUST_0865,18,Female,New York,46,Standard,22.21,Month-to-Month,Electronic Check,138.8,26,1,47.0,0
CUST_0866,61,Female,New York,13,Premium,118.25,Month-to-Month,Bank Transfer,146.1,4,1,10.3,0
CUST_0867,22,Female,New York,37,Basic,28.61,Month-to-Month,Credit Card,354.2,17,1,24.3,0
CUST_0868,47,Female,Los Angeles,24,Premium,101.44,One Year,Bank Transfer,232.3,14,0,51.0,0
CUST_0869,47,Female,Los Angeles,2,Premium,48.03,Month-to-Month,Bank Transfer,469.2,18,3,8.7,0
CUST_0870,34,Female,Chicago,14,Premium,33.22,Month-to-Month,Bank Transfer,90.1,27,0,56.8,1
CUST_0871,65,Female,New York,10,Premium,63.99,Month-to-Month,Bank Transfer,280.2,1,2,59.2,1
CUST_0872,64,Male,Houston,35,Standard,84.4,Month-to-Month,Bank Transfer,463.3,22,1,9.9,0
CUST_0873,40,Male,Houston,25,Standard,58.1,Two Year,Bank Transfer,456.9,16,5,21.0,0
CUST_0874,32,Female,New York,3,Basic,25.46,Two Year,Bank Transfer,120.4,3,1,25.5,0
CUST_0875,54,Male,New York,17,Basic,79.95,Month-to-Month,Electronic Check,215.0,23,2,47.7,0
CUST_0876,38,Male,New York,12,Basic,110.24,One Year,Mailed Check,328.6,21,1,37.8,0
CUST_0877,31,Female,Los Angeles,54,Basic,58.32,Two Year,Electronic Check,121.7,9,1,40.4,1
CUST_0878,19,Male,Los Angeles,24,Premium,41.63,Month-to-Month,Bank Transfer,485.6,23,1,46.7,1
CUST_0879,28,Male,Los Angeles,29,Standard,64.26,Two Year,Bank Transfer,461.6,4,1,11.5,0
CUST_0880,68,Male,Miami,43,Standard,24.84,Two Year,Electronic Check,125.1,21,1,50.8,0
CUST_0881,56,Male,Houston,25,Basic,102.05,Month-to-Month,Electronic Check,104.5,5,0,43.8,0
CUST_0882,55,Male,Houston,60,Basic,102.63,Month-to-Month,Mailed Check,88.4,11,1,36.8,0
CUST_0883,51,Female,Chicago,65,Premium,78.8,Two Year,Electronic Check,459.2,21,1,53.9,0
CUST_0884,55,Female,Los Angeles,28,Premium,55.31,One Year,Mailed Check,137.1,26,2,43.5,0
CUST_0885,67,Female,Miami,16,Basic,99.98,Month-to-Month,Bank Transfer,237.3,9,0,16.1,1
CUST_0886,51,Male,Miami,47,Standard,75.47,Month-to-Month,Credit Card,252.0,26,2,28.6,0
CUST_0887,35,Female,Houston,58,Standard,102.59,Month-to-Month,Credit Card,319.6,3,2,32.2,1
CUST_0888,47,Male,Los Angeles,27,Standard,83.15,One Year,Credit Card,82.3,6,1,8.0,0
CUST_0889,32,Male,Chicago,53,Basic,98.44,One Year,Credit Card,152.0,24,1,57.5,0
CUST_0890,44,Male,Los Angeles,42,Standard,79.86,Two Year,Bank Transfer,469.2,11,3,12.1,1
CUST_0891,68,Male,New York,59,Premium,61.41,Month-to-Month,Credit Card,458.8,9,3,43.4,1
CUST_0892,51,Female,Los Angeles,47,Premium,115.79,One Year,Electronic Check,401.6,29,1,32.8,0
CUST_0893,69,Female,New York,34,Basic,74.11,One Year,Electronic Check,58.7,15,2,6.4,0
CUST_0894,55,Male,New York,37,Premium,80.51,Month-to-Month,Credit Card,197.2,23,0,55.9,1
CUST_0895,50,Female,Chicago,6,Basic,42.05,Month-to-Month,Electronic Check,332.6,28,3,51.9,0
CUST_0896,41,Male,Houston,7,Standard,82.57,Two Year,Mailed Check,173.8,3,1,33.8,0
CUST_0897,32,Female,Los Angeles,25,Standard,77.16,Two Year,Bank Transfer,459.3,1,2,17.6,0
CUST_0898,47,Female,New York,33,Standard,38.48,Month-to-Month,Credit Card,335.3,20,0,11.7,1
CUST_0899,59,Male,Los Angeles,55,Premium,25.96,One Year,Credit Card,82.4,29,1,25.0,1
CUST_0900,68,Female,Houston,58,Basic,80.44,Month-to-Month,Bank Transfer,459.1,22,1,19.0,1
CUST_0901,34,Male,Houston,7,Standard,96.37,One Year,Electronic Check,481.0,19,2,32.9,0
CUST_0902,22,Female,Miami,57,Basic,72.34,One Year,Bank Transfer,85.0,14,1,58.2,0
CUST_0903,46,Male,Houston,12,Standard,42.68,One Year,Bank Transfer,289.6,17,1,36.6,0
CUST_0904,21,Male,Chicago,16,Premium,86.65,Two Year,Electronic Check,186.5,22,3,53.9,1
CUST_0905,27,Female,New York,43,Premium,28.01,One Year,Bank Transfer,226.8,14,2,40.8,0
CUST_0906,34,Female,Miami,7,Basic,64.18,Month-to-Month,Electronic Check,130.8,17,1,31.1,0
CUST_0907,27,Male,Chicago,51,Premium,36.34,One Year,Electronic Check,310.1,25,3,52.0,0
CUST_0908,34,Female,Los Angeles,32,Premium,38.45,Month-to-Month,Bank Transfer,481.1,27,2,30.9,0
CUST_0909,37,Female,New York,8,Basic,40.23,Month-to-Month,Mailed Check,276.4,14,0,52.8,1
CUST_0910,41,Male,Houston,45,Standard,58.67,Month-to-Month,Electronic Check,87.3,12,0,21.0,0
CUST_0911,22,Male,New York,59,Premium,25.12,Month-to-Month,Bank Transfer,329.0,16,1,12.1,1
CUST_0912,51,Female,Los Angeles,4,Basic,59.78,One Year,Electronic Check,203.1,1,1,52.0,0
CUST_0913,23,Male,Miami,67,Premium,71.17,Month-to-Month,Mailed Check,435.2,13,1,37.3,1
CUST_0914,19,Male,Miami,29,Premium,68.33,One Year,Mailed Check,245.6,6,1,53.9,1
CUST_0915,30,Male,Miami,29,Premium,58.28,One Year,Credit Card,136.8,17,1,56.6,0
CUST_0916,60,Female,Houston,28,Premium,103.91,Month-to-Month,Electronic Check,136.0,12,1,7.9,1
CUST_0917,60,Female,Chicago,44,Basic,34.53,Two Year,Electronic Check,395.9,23,3,32.6,0
CUST_0918,65,Male,Chicago,4,Basic,70.57,Month-to-Month,Bank Transfer,169.5,19,1,25.6,1
CUST_0919,28,Female,New York,9,Basic,26.2,Month-to-Month,Electronic Check,395.3,6,2,39.4,1
CUST_0920,68,Male,Houston,5,Premium,27.12,One Year,Credit Card,142.6,7,0,48.6,1
CUST_0921,64,Female,Miami,56,Premium,77.39,Month-to-Month,Mailed Check,194.8,1,0,20.4,0
CUST_0922,40,Male,Miami,50,Premium,76.6,Month-to-Month,Mailed Check,259.5,1,0,35.6,0
CUST_0923,33,Male,Los Angeles,15,Basic,107.8,One Year,Credit Card,474.4,29,3,44.0,0
CUST_0924,48,Female,Los Angeles,32,Premium,75.79,One Year,Electronic Check,469.3,5,2,12.4,0
CUST_0925,28,Male,Miami,28,Standard,115.98,Month-to-Month,Electronic Check,143.1,6,1,49.8,1
CUST_0926,33,Female,Miami,22,Premium,24.87,Two Year,Credit Card,211.2,16,0,38.3,1
CUST_0927,25,Female,Houston,17,Standard,29.8,One Year,Bank Transfer,117.2,25,0,57.2,1
CUST_0928,21,Male,Chicago,59,Premium,24.41,Two Year,Mailed Check,279.5,16,2,23.7,0
CUST_0929,57,Male,Los Angeles,71,Basic,38.53,Month-to-Month,Credit Card,257.3,14,2,10.9,1
CUST_0930,21,Female,Chicago,57,Premium,74.13,One Year,Credit Card,455.3,1,0,32.9,1
CUST_0931,42,Male,Houston,26,Standard,84.56,Two Year,Electronic Check,468.5,13,2,9.7,1
CUST_0932,20,Male,Miami,25,Standard,24.56,One Year,Mailed Check,222.6,20,2,58.3,0
CUST_0933,49,Male,Chicago,10,Premium,114.6,One Year,Electronic Check,271.3,10,1,7.1,0
CUST_0934,20,Male,Miami,45,Standard,104.22,Month-to-Month,Credit Card,453.3,24,1,46.4,0
CUST_0935,44,Male,Miami,11,Standard,49.66,Month-to-Month,Bank Transfer,413.0,10,2,33.9,0
CUST_0936,46,Female,New York,53,Basic,27.72,Month-to-Month,Mailed Check,51.6,9,3,25.3,0
CUST_0937,49,Female,Chicago,68,Premium,36.99,Month-to-Month,Credit Card,194.0,13,3,8.6,1
CUST_0938,67,Male,Chicago,28,Premium,32.69,Two Year,Credit Card,239.8,3,2,39.2,0
CUST_0939,68,Male,Miami,65,Premium,32.33,Month-to-Month,Bank Transfer,153.4,27,2,37.2,0
CUST_0940,36,Male,Houston,49,Standard,71.86,Two Year,Credit Card,139.8,18,2,20.4,0
CUST_0941,38,Female,New York,47,Premium,44.58,Two Year,Credit Card,67.0,20,2,55.1,1
CUST_0942,22,Male,Miami,52,Premium,55.81,Month-to-Month,Mailed Check,339.5,2,4,21.7,1
CUST_0943,35,Female,Los Angeles,54,Basic,118.95,Month-to-Month,Mailed Check,168.1,17,0,29.7,1
CUST_0944,45,Female,Los Angeles,60,Basic,88.43,Two Year,Mailed Check,73.6,28,1,34.9,0
CUST_0945,59,Female,New York,57,Basic,114.9,Two Year,Electronic Check,153.9,19,1,10.5,0
CUST_0946,39,Male,Houston,47,Standard,34.26,Month-to-Month,Bank Transfer,410.9,23,0,56.3,1
CUST_0947,38,Female,Miami,31,Premium,58.21,Month-to-Month,Mailed Check,433.2,13,1,25.6,0
CUST_0948,23,Male,Chicago,46,Basic,75.47,One Year,Electronic Check,267.4,13,3,9.4,0
CUST_0949,18,Female,New York,26,Basic,27.68,One Year,Electronic Check,237.2,1,2,26.3,0
CUST_0950,22,Male,Houston,5,Basic,20.42,Month-to-Month,Bank Transfer,490.0,2,0,38.0,0
CUST_0951,58,Female,Chicago,52,Premium,87.04,One Year,Bank Transfer,140.3,1,3,33.3,0
CUST_0952,29,Male,Los Angeles,54,Premium,84.18,Month-to-Month,Credit Card,146.9,24,3,43.2,0
CUST_0953,43,Female,Los Angeles,33,Premium,61.08,Month-to-Month,Electronic Check,181.3,5,1,8.1,0
CUST_0954,63,Male,Chicago,50,Standard,68.96,Month-to-Month,Mailed Check,127.7,24,4,20.6,0
CUST_0955,51,Male,New York,38,Standard,61.54,Month-to-Month,Bank Transfer,220.7,3,1,50.1,0
CUST_0956,66,Male,Los Angeles,27,Basic,22.4,Month-to-Month,Electronic Check,459.9,29,3,9.4,0
CUST_0957,31,Male,Miami,15,Premium,53.54,Month-to-Month,Mailed Check,326.9,28,2,52.1,0
CUST_0958,43,Female,Chicago,61,Basic,37.71,Month-to-Month,Electronic Check,235.4,7,3,10.1,0
CUST_0959,62,Female,Chicago,21,Premium,29.84,Month-to-Month,Bank Transfer,470.5,24,1,50.9,0
CUST_0960,44,Male,Los Angeles,46,Premium,115.67,Month-to-Month,Credit Card,71.8,22,1,24.8,0
CUST_0961,26,Female,New York,69,Premium,79.94,Two Year,Electronic Check,144.6,13,0,38.7,0
CUST_0962,43,Male,Miami,6,Standard,92.87,Month-to-Month,Mailed Check,304.6,29,1,13.4,0
CUST_0963,64,Male,New York,38,Standard,51.54,Month-to-Month,Bank Transfer,327.0,23,4,8.6,0
CUST_0964,39,Female,Houston,62,Premium,59.31,One Year,Credit Card,67.8,28,1,16.9,1
CUST_0965,64,Male,Houston,62,Basic,43.69,Two Year,Mailed Check,231.4,18,2,12.0,0
CUST_0966,47,Male,Los Angeles,46,Premium,29.7,Month-to-Month,Mailed Check,342.1,24,2,22.2,0
CUST_0967,60,Female,Los Angeles,13,Premium,37.9,One Year,Mailed Check,364.1,21,1,33.3,0
CUST_0968,65,Male,Los Angeles,3,Basic,99.75,One Year,Electronic Check,337.2,7,3,37.4,1
CUST_0969,34,Male,Houston,6,Premium,87.75,One Year,Bank Transfer,194.3,1,1,48.4,0
CUST_0970,43,Male,New York,8,Basic,74.69,Month-to-Month,Mailed Check,92.1,5,0,41.1,0
CUST_0971,53,Male,New York,44,Standard,67.51,One Year,Electronic Check,242.2,17,5,38.5,0
CUST_0972,18,Female,Los Angeles,33,Standard,112.24,Month-to-Month,Bank Transfer,107.9,28,1,27.6,1
CUST_0973,25,Female,Miami,50,Basic,27.27,One Year,Bank Transfer,476.4,29,1,31.1,1
CUST_0974,66,Female,New York,11,Standard,48.06,One Year,Electronic Check,263.8,8,1,27.8,0
CUST_0975,52,Male,Houston,28,Standard,54.99,Month-to-Month,Electronic Check,192.8,15,1,51.3,0
CUST_0976,69,Male,Chicago,70,Basic,98.24,Two Year,Mailed Check,394.8,20,1,17.7,0
CUST_0977,32,Female,Chicago,41,Standard,119.25,Month-to-Month,Bank Transfer,274.1,4,0,5.3,1
CUST_0978,64,Male,Chicago,16,Premium,44.07,Two Year,Credit Card,189.5,2,2,40.8,0
CUST_0979,39,Male,Miami,68,Premium,107.43,Month-to-Month,Electronic Check,415.4,5,2,16.1,0
CUST_0980,31,Male,Los Angeles,48,Basic,103.06,Month-to-Month,Bank Transfer,440.2,1,1,54.0,1
CUST_0981,43,Male,Houston,56,Standard,42.47,Month-to-Month,Bank Transfer,352.9,25,3,52.2,1
CUST_0982,45,Female,Miami,64,Premium,59.93,Two Year,Mailed Check,71.1,5,1,9.2,1
CUST_0983,40,Female,Houston,59,Premium,60.97,Month-to-Month,Credit Card,304.8,6,0,10.9,1
CUST_0984,31,Female,Houston,62,Standard,117.82,Month-to-Month,Mailed Check,393.5,2,3,32.2,1
CUST_0985,41,Male,Los Angeles,11,Standard,38.09,Month-to-Month,Credit Card,111.4,26,3,38.5,0
CUST_0986,19,Female,Chicago,18,Premium,99.92,One Year,Credit Card,152.9,26,0,20.1,1
CUST_0987,62,Female,Los Angeles,19,Premium,53.42,One Year,Electronic Check,447.1,1,1,44.4,1
CUST_0988,43,Male,Miami,55,Basic,93.09,Month-to-Month,Bank Transfer,59.1,4,2,37.7,0
CUST_0989,31,Male,Miami,26,Basic,62.0,Month-to-Month,Bank Transfer,388.7,7,1,22.9,0
CUST_0990,68,Female,Miami,6,Premium,77.84,Month-to-Month,Bank Transfer,263.2,22,0,6.4,1
CUST_0991,24,Female,Los Angeles,4,Basic,103.26,Month-to-Month,Credit Card,251.0,26,0,46.3,0
CUST_0992,20,Female,Houston,29,Premium,100.42,Month-to-Month,Bank Transfer,53.2,1,2,16.8,1
CUST_0993,64,Female,Houston,59,Premium,106.64,One Year,Electronic Check,418.7,1,3,50.9,0
CUST_0994,40,Male,New York,17,Basic,25.96,Month-to-Month,Credit Card,211.9,8,0,28.1,0
CUST_0995,63,Female,Miami,43,Basic,89.21,Month-to-Month,Credit Card,293.3,20,0,36.7,0
CUST_0996,60,Female,Houston,66,Standard,34.0,Month-to-Month,Credit Card,354.8,16,1,53.0,0
CUST_0997,64,Male,New York,34,Standard,61.58,Two Year,Credit Card,366.2,21,3,52.5,0
CUST_0998,62,Female,Houston,8,Standard,74.86,Two Year,Electronic Check,480.2,13,0,25.4,0
CUST_0999,35,Male,Miami,13,Premium,60.27,Two Year,Bank Transfer,289.1,23,5,16.5,0
CUST_1000,55,Male,Chicago,8,Basic,71.96,Month-to-Month,Electronic Check,229.9,24,1,47.6,0
